lo_ns,hi_ns,count
48,48,9
49,49,300
50,50,1064
51,51,1053
52,52,1002
53,53,834
54,54,855
55,55,1398
56,56,2930
57,57,4879
58,58,6575
59,59,7596
60,60,6965
61,61,6095
62,62,5331
63,63,6041
64,64,8178
65,65,11521
66,66,15464
67,67,16416
68,68,15296
69,69,14708
70,70,11151
71,71,10416
72,72,10242
73,73,11609
74,74,14362
75,75,18052
76,76,21116
77,77,23192
78,78,24448
79,79,24137
80,80,23983
81,81,22302
82,82,21977
83,83,20962
84,84,22051
85,85,23820
86,86,26567
87,87,27924
88,88,30046
89,89,30632
90,90,30079
91,91,29086
92,92,26969
93,93,25159
94,94,22583
95,95,23252
96,96,20722
97,97,20896
98,98,20426
99,99,20238
100,100,19753
101,101,19897
102,102,19842
103,103,19758
104,104,19659
105,105,18799
106,106,19166
107,107,18803
108,108,19777
109,109,19045
110,110,20017
111,111,19721
112,112,20449
113,113,20193
114,114,20167
115,115,19874
116,116,20488
117,117,20296
118,118,19973
119,119,20623
120,120,19237
121,121,21611
122,122,19297
123,123,21001
124,124,20419
125,125,20187
126,126,19346
127,127,20253
128,128,23744
129,129,30364
130,130,36891
131,131,40888
132,132,40793
133,133,38371
134,134,44183
135,135,58383
136,136,83522
137,137,108127
138,138,123204
139,139,123131
140,140,113672
141,141,100747
142,142,88183
143,143,84913
144,144,95247
145,145,110896
146,146,128493
147,147,160423
148,148,158346
149,149,169025
150,150,172033
151,151,169204
152,152,174403
153,153,191342
154,154,212097
155,155,246673
156,156,282605
157,157,305054
158,158,334655
159,159,342715
160,160,367863
161,161,359743
162,162,371734
163,163,366902
164,164,361903
165,165,350490
166,166,337788
167,167,330236
168,168,317361
169,169,308041
170,170,311627
171,171,310712
172,172,298331
173,173,321062
174,174,289772
175,175,298469
176,176,298558
177,177,297231
178,178,305894
179,179,327727
180,180,336504
181,181,360326
182,182,385542
183,183,394727
184,184,420307
185,185,415532
186,186,435406
187,187,422132
188,188,429783
189,189,414756
190,190,419342
191,191,409731
192,192,406220
193,193,405603
194,194,396566
195,195,389475
196,196,378978
197,197,377126
198,198,343328
199,199,374174
200,200,326014
201,201,339029
202,202,325099
203,203,316431
204,204,306453
205,205,300532
206,206,286812
207,207,279023
208,208,273016
209,209,255995
210,210,254202
211,211,237905
212,212,235328
213,213,220594
214,214,215168
215,215,205012
216,216,200682
217,217,193066
218,218,184270
219,219,180830
220,220,172301
221,221,165446
222,222,161690
223,223,158676
224,224,146069
225,225,157589
226,226,138286
227,227,142560
228,228,136863
229,229,132985
230,230,131650
231,231,130707
232,232,127313
233,233,127189
234,234,127350
235,235,124181
236,236,125497
237,237,122780
238,238,123661
239,239,121406
240,240,123517
241,241,121307
242,242,125549
243,243,124288
244,244,125179
245,245,126978
246,246,124717
247,247,125032
248,248,127076
249,249,126571
250,250,122153
251,251,133984
252,252,121433
253,253,126183
254,254,127740
255,255,125263
256,256,127042
257,257,129811
258,258,126948
259,259,128838
260,260,132175
261,261,129270
262,262,134149
263,263,133360
264,264,136228
265,265,137477
266,266,140384
267,267,139324
268,268,145056
269,269,144867
270,270,146498
271,271,150765
272,272,149233
273,273,149579
274,274,151900
275,275,152903
276,276,145538
277,277,161394
278,278,145487
279,279,152013
280,280,151194
281,281,148651
282,282,147361
283,283,148254
284,284,143347
285,285,143184
286,286,143558
287,287,137574
288,288,138559
289,289,134383
290,290,134077
291,291,130403
292,292,129239
293,293,123947
294,294,124591
295,295,119950
296,296,117768
297,297,118117
298,298,113337
299,299,111084
300,300,111759
301,301,107938
302,302,102546
303,303,111390
304,304,99142
305,305,102877
306,306,101979
307,307,98754
308,308,97984
309,309,99713
310,310,96046
311,311,95892
312,312,96701
313,313,93613
314,314,94703
315,315,94283
316,316,93590
317,317,92847
318,318,93316
319,319,90486
320,320,92383
321,321,90542
322,322,89321
323,323,91531
324,324,89584
325,325,88102
326,326,88791
327,327,88186
328,328,82946
329,329,91457
330,330,81606
331,331,83702
332,332,83429
333,333,81103
334,334,80392
335,335,81033
336,336,77887
337,337,77957
338,338,77101
339,339,74024
340,340,74903
341,341,72865
342,342,72518
343,343,70098
344,344,70026
345,345,67973
346,346,68727
347,347,66274
348,348,65053
349,349,65962
350,350,63651
351,351,62604
352,352,62891
353,353,61363
354,354,57937
355,355,63858
356,356,56561
357,357,58275
358,358,58473
359,359,56508
360,360,55781
361,361,56519
362,362,53887
363,363,53736
364,364,53886
365,365,51725
366,366,52213
367,367,51065
368,368,51008
369,369,50138
370,370,49283
371,371,47812
372,372,48651
373,373,47328
374,374,45931
375,375,46715
376,376,45335
377,377,44388
378,378,45347
379,379,43629
380,380,41545
381,381,45069
382,382,40125
383,383,41575
384,384,41215
385,385,39448
386,386,39505
387,387,39926
388,388,38410
389,389,38489
390,390,38665
391,391,37089
392,392,37700
393,393,37120
394,394,36550
395,395,36164
396,396,35841
397,397,35337
398,398,35866
399,399,35106
400,400,34884
401,401,35699
402,402,34409
403,403,33733
404,404,34968
405,405,34032
406,406,32598
407,407,35351
408,408,32372
409,409,33360
410,410,33162
411,411,32566
412,412,32270
413,413,33130
414,414,31799
415,415,32131
416,416,32298
417,417,31319
418,418,31953
419,419,31493
420,420,31500
421,421,31224
422,422,31067
423,423,30242
424,424,31434
425,425,31002
426,426,30407
427,427,31923
428,428,31341
429,429,30538
430,430,31274
431,431,30776
432,432,29459
433,433,31809
434,434,28871
435,435,29472
436,436,30197
437,437,29485
438,438,29581
439,439,30211
440,440,29272
441,441,29607
442,442,30261
443,443,29406
444,444,29826
445,445,29309
446,446,29189
447,447,28890
448,448,29203
449,449,28296
450,450,29125
451,451,28764
452,452,28786
453,453,29825
454,454,29152
455,455,29791
456,456,30749
457,457,31091
458,458,30040
459,459,35063
460,460,31870
461,461,33595
462,462,33002
463,463,31641
464,464,30995
465,465,31358
466,466,30493
467,467,29645
468,468,28990
469,469,27239
470,470,27300
471,471,26225
472,472,26451
473,473,26637
474,474,26320
475,475,25460
476,476,25928
477,477,25288
478,478,25068
479,479,25065
480,480,24649
481,481,24456
482,482,24687
483,483,24432
484,484,23090
485,485,25845
486,486,23429
487,487,24981
488,488,25398
489,489,25667
490,490,26255
491,491,26277
492,492,25031
493,493,24319
494,494,23578
495,495,22542
496,496,22713
497,497,22077
498,498,22013
499,499,21643
500,500,21494
501,501,20746
502,502,21247
503,503,20746
504,504,20202
505,505,20484
506,506,20053
507,507,19871
508,508,20425
509,509,19971
510,510,18880
511,511,20782
512,512,18355
513,513,19376
514,514,19053
515,515,18432
516,516,18529
517,517,18932
518,518,18077
519,519,18142
520,520,18173
521,521,17367
522,522,18217
523,523,17826
524,524,17489
525,525,17267
526,526,17480
527,527,16827
528,528,17116
529,529,16826
530,530,16590
531,531,16997
532,532,16579
533,533,16471
534,534,16891
535,535,16440
536,536,15651
537,537,17134
538,538,15735
539,539,16164
540,540,16056
541,541,15589
542,542,15688
543,543,15891
544,544,15489
545,545,15351
546,546,15629
547,547,15028
548,548,15237
549,549,14975
550,550,15023
551,551,14884
552,552,14869
553,553,14391
554,554,14777
555,555,14314
556,556,14187
557,557,14625
558,558,14032
559,559,13780
560,560,14348
561,561,13994
562,562,13429
563,563,14380
564,564,13079
565,565,13531
566,566,13866
567,567,13330
568,568,13313
569,569,13574
570,570,13206
571,571,13078
572,572,13430
573,573,12978
574,574,13282
575,575,13207
576,576,13172
577,577,12936
578,578,12902
579,579,12579
580,580,12572
581,581,12489
582,582,12254
583,583,12596
584,584,12142
585,585,11926
586,586,12221
587,587,11820
588,588,11380
589,589,12442
590,590,11168
591,591,11614
592,592,11535
593,593,11203
594,594,11392
595,595,11275
596,596,11118
597,597,11152
598,598,11337
599,599,10892
600,600,10996
601,601,10953
602,602,10752
603,603,10859
604,604,10760
605,605,10682
606,606,10724
607,607,10666
608,608,10513
609,609,10390
610,610,10021
611,611,10045
612,612,10197
613,613,10195
614,614,9347
615,615,10533
616,616,9503
617,617,9579
618,618,9808
619,619,9575
620,620,9388
621,621,9453
622,622,9218
623,623,9097
624,624,9212
626,626,8972
627,627,9020
628,628,8893
629,629,8833
630,630,8806
631,631,8696
632,632,8484
633,633,8685
634,634,8213
635,635,8240
636,636,8482
637,637,8293
638,638,8111
639,639,8225
640,640,7990
641,641,7581
642,642,8396
643,643,7463
644,644,7700
645,645,7750
646,646,7447
647,647,7508
648,648,7573
649,649,7230
650,650,7351
651,651,7221
652,652,7250
653,653,6974
654,654,7078
655,655,7181
656,656,6864
657,657,7023
658,658,6732
659,659,6967
660,660,6770
661,661,6636
662,662,6850
663,663,6621
664,664,6311
665,665,6770
666,666,6574
667,667,6302
668,668,7038
669,669,6205
670,670,6272
671,671,6501
672,672,6166
673,673,6222
674,674,6388
675,675,6064
676,676,6208
677,677,6231
678,678,5920
679,679,5982
680,680,5917
681,681,6022
682,682,6111
683,683,5976
684,684,6028
685,685,6146
686,686,6054
687,687,5880
688,688,6158
689,689,5953
690,690,5793
691,691,6024
692,692,5917
693,693,5485
694,694,6258
695,695,5581
696,696,5712
697,697,5966
698,698,5703
699,699,5503
700,700,5727
701,701,5534
702,702,5417
703,703,5429
704,704,5375
705,705,5253
706,706,5285
707,707,5214
708,708,5076
709,709,4972
710,710,5009
711,711,4981
712,712,4904
713,713,4747
714,714,4935
715,715,4714
716,716,4507
717,717,4787
718,718,4465
719,719,4329
720,720,4781
721,721,4329
722,722,4509
723,723,4373
724,724,4456
725,725,4409
726,726,4468
727,727,4145
728,728,4314
729,729,4364
730,730,4223
731,731,4168
732,732,4042
733,733,4068
734,734,4107
735,735,4136
736,736,4005
737,737,4103
738,738,3964
739,739,3967
740,740,4001
741,741,3923
742,742,3907
743,743,3988
744,744,3844
745,745,3639
746,746,4053
747,747,3631
748,748,3692
749,749,3680
750,750,3585
751,751,3683
752,752,3701
753,753,3582
754,754,3554
755,755,3551
756,756,3476
757,757,3557
758,758,3488
759,759,3530
760,760,3425
761,761,3385
762,762,3264
763,763,3405
764,764,3360
765,765,3206
766,766,3304
767,767,3101
768,768,3253
769,769,3286
770,770,3184
771,771,3046
772,772,3356
773,773,2965
774,774,2993
775,775,3098
776,776,3024
777,777,3083
778,778,3123
779,779,2918
780,780,2949
781,781,2969
782,782,2872
783,783,2912
784,784,2999
785,785,2781
786,786,2867
787,787,2821
788,788,2765
789,789,2725
790,790,2841
791,791,2815
792,792,2826
793,793,2672
794,794,2598
795,795,2653
796,796,2749
797,797,2489
798,798,2809
799,799,2559
800,800,2556
801,801,2664
802,802,2488
803,803,2508
804,804,2500
805,805,2514
806,806,2514
807,807,2482
808,808,2297
809,809,2477
810,810,2435
811,811,2451
812,812,2373
813,813,2388
814,814,2449
815,815,2335
816,816,2365
817,817,2267
818,818,2441
819,819,2298
820,820,2353
821,821,2419
822,822,2282
823,823,2170
824,824,2390
825,825,2118
826,826,2212
827,827,2323
828,828,2200
829,829,2066
830,830,2299
831,831,2114
832,832,2121
833,833,2151
834,834,2140
835,835,2183
836,836,2058
837,837,2044
838,838,2133
839,839,2020
840,840,1967
841,841,2085
842,842,1942
843,843,2013
844,844,2025
845,845,1967
846,846,1885
847,847,1981
848,848,1843
849,849,1821
850,850,2003
851,851,1756
852,852,1852
853,853,1909
854,854,1793
855,855,1811
856,856,1810
857,857,1714
858,858,1705
859,859,1740
860,860,1675
861,861,1766
862,862,1705
863,863,1756
864,864,1620
865,865,1721
866,866,1627
867,867,1643
868,868,1603
869,869,1542
870,870,1654
871,871,1636
872,872,1581
873,873,1629
874,874,1557
875,875,1501
876,876,1688
877,877,1443
878,878,1471
879,879,1511
880,880,1484
881,881,1579
882,882,1504
883,883,1481
884,884,1474
885,885,1425
886,886,1412
887,887,1409
888,888,1413
889,889,1488
890,890,1374
891,891,1416
892,892,1365
893,893,1408
894,894,1414
895,895,1312
896,896,1417
897,897,1340
898,898,1392
899,899,1287
900,900,1330
901,901,1290
902,902,1426
903,903,1268
904,904,1312
905,905,1322
906,906,1308
907,907,1256
908,908,1277
909,909,1265
910,910,1252
911,911,1214
912,912,1209
913,913,1272
914,914,1178
915,915,1164
916,916,1169
917,917,1200
918,918,1143
919,919,1223
920,920,1187
921,921,1173
922,922,1204
923,923,1148
924,924,1096
925,925,1126
926,926,1087
927,927,1047
928,928,1160
929,929,1114
930,930,1096
931,931,1125
932,932,1123
933,933,1094
934,934,1054
935,935,1021
936,936,1132
937,937,1077
938,938,1055
939,939,1011
940,940,1093
941,941,1004
942,942,1080
943,943,1048
944,944,990
945,945,1046
946,946,1100
947,947,955
948,948,1029
949,949,991
950,950,983
951,951,1068
952,952,1015
953,953,925
954,954,1069
955,955,924
956,956,957
957,957,950
958,958,910
959,959,954
960,960,964
961,961,908
962,962,920
963,963,902
964,964,884
965,965,886
966,966,928
967,967,847
968,968,858
969,969,886
970,970,835
971,971,914
972,972,873
973,973,826
974,974,850
975,975,864
976,976,829
977,977,829
978,978,834
979,979,865
980,980,910
981,981,815
982,982,779
983,983,854
984,984,788
985,985,792
986,986,779
987,987,692
988,988,767
989,989,823
990,990,787
991,991,806
992,992,768
993,993,741
994,994,792
995,995,809
996,996,763
997,997,804
998,998,755
999,999,744
1000,1000,750
1001,1001,752
1002,1002,715
1003,1003,720
1004,1004,654
1005,1005,715
1006,1006,745
1007,1007,648
1008,1008,695
1009,1009,750
1010,1010,721
1011,1011,660
1012,1012,679
1013,1013,676
1014,1014,655
1015,1015,671
1016,1016,623
1017,1017,689
1018,1018,652
1019,1019,682
1020,1020,607
1021,1021,638
1022,1022,588
1023,1023,660
1024,1024,580
1025,1025,609
1026,1026,633
1027,1027,622
1028,1028,641
1029,1029,637
1030,1030,595
1031,1031,562
1032,1032,664
1033,1033,537
1034,1034,565
1035,1035,591
1036,1036,554
1037,1037,606
1038,1038,607
1039,1039,555
1040,1040,533
1041,1041,534
1042,1042,556
1043,1043,565
1044,1044,566
1045,1045,504
1046,1046,549
1047,1047,506
1048,1048,531
1049,1049,548
1050,1050,503
1051,1051,520
1052,1052,568
1053,1053,504
1054,1054,498
1055,1055,504
1056,1056,560
1057,1057,517
1058,1058,508
1059,1059,476
1060,1060,514
1061,1061,471
1062,1062,536
1063,1063,484
1064,1064,542
1065,1065,483
1066,1066,498
1067,1067,513
1068,1068,511
1069,1069,483
1070,1070,493
1071,1071,452
1072,1072,482
1073,1073,459
1074,1074,480
1075,1075,453
1076,1076,421
1077,1077,435
1078,1078,480
1079,1079,437
1080,1080,457
1081,1081,478
1082,1082,458
1083,1083,393
1084,1084,458
1085,1085,449
1086,1086,440
1087,1087,459
1088,1088,415
1089,1089,448
1090,1090,424
1091,1091,398
1092,1092,404
1093,1093,420
1094,1094,409
1095,1095,398
1096,1096,391
1097,1097,411
1098,1098,375
1099,1099,405
1100,1100,391
1101,1101,398
1102,1102,365
1103,1103,412
1104,1104,406
1105,1105,396
1106,1106,386
1107,1107,401
1108,1108,419
1109,1109,389
1110,1110,416
1111,1111,368
1112,1112,350
1113,1113,392
1114,1114,363
1115,1115,390
1116,1116,371
1117,1117,366
1118,1118,366
1119,1119,349
1120,1120,318
1121,1121,359
1122,1122,374
1123,1123,375
1124,1124,362
1125,1125,317
1126,1126,353
1127,1127,358
1128,1128,357
1129,1129,322
1130,1130,351
1131,1131,352
1132,1132,324
1133,1133,378
1134,1134,351
1135,1135,344
1136,1136,342
1137,1137,327
1138,1138,331
1139,1139,325
1140,1140,284
1141,1141,315
1142,1142,353
1143,1143,325
1144,1144,318
1145,1145,330
1146,1146,330
1147,1147,273
1148,1148,269
1149,1149,251
1150,1150,318
1151,1151,287
1152,1152,288
1153,1153,311
1154,1154,274
1155,1155,312
1156,1156,295
1157,1157,284
1158,1158,292
1159,1159,315
1160,1160,286
1161,1161,272
1162,1162,317
1163,1163,269
1164,1164,270
1165,1165,302
1166,1166,279
1167,1167,263
1168,1168,297
1169,1169,236
1170,1170,244
1171,1171,239
1172,1172,266
1173,1173,231
1174,1174,278
1175,1175,259
1176,1176,293
1177,1177,261
1178,1178,259
1179,1179,265
1180,1180,264
1181,1181,241
1182,1182,264
1183,1183,264
1184,1184,244
1185,1185,246
1186,1186,251
1187,1187,251
1188,1188,289
1189,1189,236
1190,1190,255
1191,1191,255
1192,1192,218
1193,1193,244
1194,1194,254
1195,1195,246
1196,1196,249
1197,1197,250
1198,1198,226
1199,1199,228
1200,1200,225
1201,1201,233
1202,1202,258
1203,1203,233
1204,1204,242
1205,1205,217
1206,1206,223
1207,1207,227
1208,1208,241
1209,1209,204
1210,1210,200
1211,1211,216
1212,1212,197
1213,1213,229
1214,1214,246
1215,1215,180
1216,1216,223
1217,1217,248
1218,1218,199
1219,1219,212
1220,1220,207
1221,1221,202
1222,1222,201
1223,1223,210
1224,1224,217
1225,1225,207
1226,1226,227
1227,1227,195
1228,1228,214
1229,1229,205
1230,1230,196
1231,1231,210
1232,1232,225
1233,1233,223
1234,1234,197
1235,1235,211
1236,1236,175
1237,1237,187
1238,1238,182
1239,1239,172
1240,1240,186
1241,1241,205
1242,1242,192
1243,1243,188
1244,1244,184
1245,1245,188
1246,1246,210
1247,1247,187
1248,1248,183
1249,1249,208
1251,1251,180
1252,1252,204
1253,1253,165
1254,1254,177
1255,1255,203
1256,1256,198
1257,1257,175
1258,1258,168
1259,1259,186
1260,1260,179
1261,1261,170
1262,1262,178
1263,1263,157
1264,1264,173
1265,1265,156
1266,1266,150
1267,1267,173
1268,1268,149
1269,1269,138
1270,1270,170
1271,1271,179
1272,1272,153
1273,1273,160
1274,1274,164
1275,1275,156
1276,1276,173
1277,1277,148
1278,1278,155
1279,1279,162
1280,1280,153
1281,1281,160
1282,1282,176
1283,1283,169
1284,1284,163
1285,1285,173
1286,1286,150
1287,1287,175
1288,1288,143
1289,1289,135
1290,1290,149
1291,1291,149
1292,1292,142
1293,1293,176
1294,1294,141
1295,1295,142
1296,1296,145
1297,1297,144
1298,1298,146
1299,1299,137
1300,1300,138
1301,1301,170
1302,1302,131
1303,1303,129
1304,1304,148
1305,1305,153
1306,1306,153
1307,1307,152
1308,1308,158
1309,1309,156
1310,1310,140
1311,1311,146
1312,1312,124
1313,1313,123
1314,1314,145
1315,1315,142
1316,1316,130
1317,1317,132
1318,1318,151
1319,1319,145
1320,1320,147
1321,1321,128
1322,1322,131
1323,1323,122
1324,1324,145
1325,1325,153
1326,1326,108
1327,1327,119
1328,1328,139
1329,1329,118
1330,1330,122
1331,1331,110
1332,1332,112
1333,1333,139
1334,1334,113
1335,1335,129
1336,1336,146
1337,1337,136
1338,1338,108
1339,1339,137
1340,1340,132
1341,1341,116
1342,1342,139
1343,1343,118
1344,1344,124
1345,1345,136
1346,1346,112
1347,1347,126
1348,1348,114
1349,1349,101
1350,1350,110
1351,1351,115
1352,1352,95
1353,1353,119
1354,1354,117
1355,1355,123
1356,1356,135
1357,1357,99
1358,1358,108
1359,1359,113
1360,1360,114
1361,1361,103
1362,1362,98
1363,1363,112
1364,1364,90
1365,1365,118
1366,1366,119
1367,1367,101
1368,1368,90
1369,1369,101
1370,1370,95
1371,1371,114
1372,1372,92
1373,1373,108
1374,1374,116
1375,1375,86
1376,1376,120
1377,1377,103
1378,1378,110
1379,1379,107
1380,1380,123
1381,1381,92
1382,1382,90
1383,1383,120
1384,1384,98
1385,1385,107
1386,1386,95
1387,1387,110
1388,1388,96
1389,1389,97
1390,1390,78
1391,1391,99
1392,1392,108
1393,1393,85
1394,1394,96
1395,1395,104
1396,1396,112
1397,1397,118
1398,1398,95
1399,1399,94
1400,1400,104
1401,1401,90
1402,1402,86
1403,1403,90
1404,1404,79
1405,1405,101
1406,1406,93
1407,1407,99
1408,1408,96
1409,1409,88
1410,1410,79
1411,1411,85
1412,1412,92
1413,1413,92
1414,1414,83
1415,1415,86
1416,1416,82
1417,1417,89
1418,1418,82
1419,1419,78
1420,1420,97
1421,1421,92
1422,1422,92
1423,1423,96
1424,1424,83
1425,1425,110
1426,1426,78
1427,1427,83
1428,1428,85
1429,1429,96
1430,1430,72
1431,1431,76
1432,1432,90
1433,1433,77
1434,1434,86
1435,1435,88
1436,1436,78
1437,1437,79
1438,1438,101
1439,1439,77
1440,1440,78
1441,1441,96
1442,1442,92
1443,1443,108
1444,1444,96
1445,1445,73
1446,1446,87
1447,1447,87
1448,1448,85
1449,1449,83
1450,1450,89
1451,1451,80
1452,1452,81
1453,1453,66
1454,1454,68
1455,1455,78
1456,1456,77
1457,1457,77
1458,1458,81
1459,1459,79
1460,1460,106
1461,1461,75
1462,1462,78
1463,1463,79
1464,1464,79
1465,1465,82
1466,1466,73
1467,1467,73
1468,1468,71
1469,1469,81
1470,1470,76
1471,1471,75
1472,1472,94
1473,1473,81
1474,1474,71
1475,1475,78
1476,1476,59
1477,1477,64
1478,1478,71
1479,1479,80
1480,1480,62
1481,1481,84
1482,1482,69
1483,1483,67
1484,1484,82
1485,1485,64
1486,1486,77
1487,1487,56
1488,1488,67
1489,1489,72
1490,1490,71
1491,1491,67
1492,1492,80
1493,1493,74
1494,1494,73
1495,1495,73
1496,1496,83
1497,1497,74
1498,1498,65
1499,1499,64
1500,1500,70
1501,1501,70
1502,1502,86
1503,1503,77
1504,1504,80
1505,1505,68
1506,1506,67
1507,1507,82
1508,1508,75
1509,1509,75
1510,1510,70
1511,1511,73
1512,1512,77
1513,1513,68
1514,1514,69
1515,1515,75
1516,1516,64
1517,1517,75
1518,1518,62
1519,1519,74
1520,1520,65
1521,1521,69
1522,1522,63
1523,1523,62
1524,1524,68
1525,1525,64
1526,1526,68
1527,1527,71
1528,1528,67
1529,1529,63
1530,1530,68
1531,1531,60
1532,1532,56
1533,1533,51
1534,1534,64
1535,1535,69
1536,1536,80
1537,1537,65
1538,1538,54
1539,1539,66
1540,1540,61
1541,1541,65
1542,1542,57
1543,1543,66
1544,1544,71
1545,1545,69
1546,1546,62
1547,1547,55
1548,1548,68
1549,1549,68
1550,1550,66
1551,1551,67
1552,1552,60
1553,1553,65
1554,1554,53
1555,1555,51
1556,1556,74
1557,1557,64
1558,1558,70
1559,1559,63
1560,1560,67
1561,1561,78
1562,1562,56
1563,1563,66
1564,1564,66
1565,1565,59
1566,1566,77
1567,1567,66
1568,1568,68
1569,1569,73
1570,1570,64
1571,1571,53
1572,1572,59
1573,1573,60
1574,1574,56
1575,1575,49
1576,1576,56
1577,1577,79
1578,1578,77
1579,1579,72
1580,1580,64
1581,1581,54
1582,1582,65
1583,1583,57
1584,1584,73
1585,1585,56
1586,1586,49
1587,1587,77
1588,1588,66
1589,1589,65
1590,1590,55
1591,1591,50
1592,1592,59
1593,1593,59
1594,1594,54
1595,1595,56
1596,1596,54
1597,1597,61
1598,1598,50
1599,1599,69
1600,1600,67
1601,1601,63
1602,1602,76
1603,1603,63
1604,1604,54
1605,1605,76
1606,1606,56
1607,1607,50
1608,1608,67
1609,1609,53
1610,1610,65
1611,1611,65
1612,1612,56
1613,1613,71
1614,1614,65
1615,1615,52
1616,1616,59
1617,1617,52
1618,1618,50
1619,1619,72
1620,1620,60
1621,1621,69
1622,1622,55
1623,1623,52
1624,1624,62
1625,1625,52
1626,1626,48
1627,1627,58
1628,1628,58
1629,1629,53
1630,1630,61
1631,1631,48
1632,1632,62
1633,1633,51
1634,1634,60
1635,1635,55
1636,1636,54
1637,1637,51
1638,1638,65
1639,1639,48
1640,1640,46
1641,1641,64
1642,1642,49
1643,1643,55
1644,1644,54
1645,1645,47
1646,1646,54
1647,1647,55
1648,1648,53
1649,1649,58
1650,1650,56
1651,1651,51
1652,1652,55
1653,1653,56
1654,1654,59
1655,1655,54
1656,1656,62
1657,1657,53
1658,1658,41
1659,1659,48
1660,1660,46
1661,1661,59
1662,1662,42
1663,1663,51
1664,1664,54
1665,1665,52
1666,1666,42
1667,1667,43
1668,1668,51
1669,1669,62
1670,1670,44
1671,1671,50
1672,1672,49
1673,1673,44
1674,1674,56
1675,1675,60
1676,1676,43
1677,1677,53
1678,1678,47
1679,1679,49
1680,1680,38
1681,1681,48
1682,1682,42
1683,1683,55
1684,1684,60
1685,1685,48
1686,1686,57
1687,1687,57
1688,1688,54
1689,1689,45
1690,1690,44
1691,1691,58
1692,1692,48
1693,1693,56
1694,1694,53
1695,1695,51
1696,1696,37
1697,1697,47
1698,1698,41
1699,1699,46
1700,1700,48
1701,1701,56
1702,1702,45
1703,1703,58
1704,1704,48
1705,1705,49
1706,1706,47
1707,1707,57
1708,1708,59
1709,1709,51
1710,1710,39
1711,1711,38
1712,1712,41
1713,1713,40
1714,1714,61
1715,1715,49
1716,1716,44
1717,1717,48
1718,1718,46
1719,1719,48
1720,1720,40
1721,1721,53
1722,1722,44
1723,1723,42
1724,1724,49
1725,1725,43
1726,1726,51
1727,1727,41
1728,1728,32
1729,1729,46
1730,1730,48
1731,1731,47
1732,1732,44
1733,1733,34
1734,1734,48
1735,1735,51
1736,1736,46
1737,1737,41
1738,1738,40
1739,1739,38
1740,1740,45
1741,1741,49
1742,1742,36
1743,1743,50
1744,1744,46
1745,1745,45
1746,1746,44
1747,1747,47
1748,1748,44
1749,1749,53
1750,1750,35
1751,1751,38
1752,1752,37
1753,1753,38
1754,1754,48
1755,1755,49
1756,1756,46
1757,1757,35
1758,1758,48
1759,1759,36
1760,1760,30
1761,1761,39
1762,1762,38
1763,1763,47
1764,1764,44
1765,1765,60
1766,1766,47
1767,1767,48
1768,1768,45
1769,1769,45
1770,1770,58
1771,1771,43
1772,1772,37
1773,1773,41
1774,1774,46
1775,1775,52
1776,1776,43
1777,1777,40
1778,1778,35
1779,1779,42
1780,1780,30
1781,1781,35
1782,1782,48
1783,1783,41
1784,1784,47
1785,1785,33
1786,1786,40
1787,1787,39
1788,1788,30
1789,1789,44
1790,1790,50
1791,1791,31
1792,1792,42
1793,1793,41
1794,1794,32
1795,1795,39
1796,1796,36
1797,1797,37
1798,1798,35
1799,1799,34
1800,1800,51
1801,1801,43
1802,1802,42
1803,1803,45
1804,1804,47
1805,1805,26
1806,1806,48
1807,1807,41
1808,1808,38
1809,1809,30
1810,1810,37
1811,1811,29
1812,1812,31
1813,1813,39
1814,1814,28
1815,1815,39
1816,1816,24
1817,1817,35
1818,1818,36
1819,1819,38
1820,1820,30
1821,1821,31
1822,1822,44
1823,1823,44
1824,1824,36
1825,1825,35
1826,1826,25
1827,1827,43
1828,1828,38
1829,1829,33
1830,1830,34
1831,1831,38
1832,1832,34
1833,1833,40
1834,1834,43
1835,1835,24
1836,1836,39
1837,1837,40
1838,1838,45
1839,1839,39
1840,1840,33
1841,1841,39
1842,1842,30
1843,1843,33
1844,1844,32
1845,1845,43
1846,1846,33
1847,1847,34
1848,1848,33
1849,1849,31
1850,1850,33
1851,1851,33
1852,1852,31
1853,1853,28
1854,1854,34
1855,1855,34
1856,1856,32
1857,1857,36
1858,1858,32
1859,1859,26
1860,1860,34
1861,1861,28
1862,1862,35
1863,1863,32
1864,1864,25
1865,1865,39
1866,1866,41
1867,1867,31
1868,1868,40
1869,1869,28
1870,1870,38
1871,1871,25
1872,1872,30
1873,1873,37
1874,1874,29
1876,1876,29
1877,1877,30
1878,1878,39
1879,1879,30
1880,1880,30
1881,1881,26
1882,1882,25
1883,1883,32
1884,1884,30
1885,1885,26
1886,1886,31
1887,1887,33
1888,1888,38
1889,1889,28
1890,1890,28
1891,1891,28
1892,1892,33
1893,1893,36
1894,1894,30
1895,1895,41
1896,1896,32
1897,1897,22
1898,1898,27
1899,1899,33
1900,1900,37
1901,1901,29
1902,1902,31
1903,1903,31
1904,1904,45
1905,1905,33
1906,1906,27
1907,1907,30
1908,1908,31
1909,1909,31
1910,1910,36
1911,1911,30
1912,1912,43
1913,1913,26
1914,1914,30
1915,1915,27
1916,1916,41
1917,1917,34
1918,1918,24
1919,1919,35
1920,1920,41
1921,1921,20
1922,1922,32
1923,1923,32
1924,1924,34
1925,1925,38
1926,1926,29
1927,1927,36
1928,1928,41
1929,1929,27
1930,1930,26
1931,1931,35
1932,1932,30
1933,1933,23
1934,1934,27
1935,1935,21
1936,1936,32
1937,1937,20
1938,1938,34
1939,1939,16
1940,1940,33
1941,1941,22
1942,1942,20
1943,1943,30
1944,1944,36
1945,1945,30
1946,1946,31
1947,1947,28
1948,1948,34
1949,1949,31
1950,1950,33
1951,1951,25
1952,1952,32
1953,1953,32
1954,1954,23
1955,1955,31
1956,1956,29
1957,1957,22
1958,1958,33
1959,1959,21
1960,1960,25
1961,1961,34
1962,1962,21
1963,1963,18
1964,1964,22
1965,1965,22
1966,1966,24
1967,1967,29
1968,1968,26
1969,1969,27
1970,1970,33
1971,1971,26
1972,1972,30
1973,1973,28
1974,1974,25
1975,1975,34
1976,1976,25
1977,1977,31
1978,1978,41
1979,1979,28
1980,1980,21
1981,1981,22
1982,1982,24
1983,1983,33
1984,1984,35
1985,1985,21
1986,1986,29
1987,1987,25
1988,1988,31
1989,1989,25
1990,1990,16
1991,1991,29
1992,1992,19
1993,1993,28
1994,1994,28
1995,1995,26
1996,1996,34
1997,1997,28
1998,1998,22
1999,1999,27
2000,2000,36
2001,2001,25
2002,2002,41
2003,2003,16
2004,2004,27
2005,2005,26
2006,2006,31
2007,2007,24
2008,2008,30
2009,2009,32
2010,2010,29
2011,2011,22
2012,2012,28
2013,2013,26
2014,2014,29
2015,2015,23
2016,2016,25
2017,2017,27
2018,2018,34
2019,2019,27
2020,2020,36
2021,2021,16
2022,2022,30
2023,2023,25
2024,2024,34
2025,2025,22
2026,2026,36
2027,2027,23
2028,2028,30
2029,2029,17
2030,2030,20
2031,2031,29
2032,2032,21
2033,2033,19
2034,2034,20
2035,2035,22
2036,2036,27
2037,2037,28
2038,2038,22
2039,2039,26
2040,2040,26
2041,2041,29
2042,2042,26
2043,2043,24
2044,2044,26
2045,2045,30
2046,2046,26
2047,2047,25
2048,2049,56
2050,2051,40
2052,2053,49
2054,2055,58
2056,2057,49
2058,2059,56
2060,2061,51
2062,2063,46
2064,2065,43
2066,2067,43
2068,2069,54
2070,2071,46
2072,2073,56
2074,2075,36
2076,2077,45
2078,2079,36
2080,2081,51
2082,2083,52
2084,2085,48
2086,2087,43
2088,2089,46
2090,2091,49
2092,2093,29
2094,2095,44
2096,2097,45
2098,2099,39
2100,2101,50
2102,2103,49
2104,2105,35
2106,2107,42
2108,2109,50
2110,2111,42
2112,2113,44
2114,2115,42
2116,2117,45
2118,2119,42
2120,2121,51
2122,2123,43
2124,2125,37
2126,2127,53
2128,2129,48
2130,2131,45
2132,2133,43
2134,2135,29
2136,2137,44
2138,2139,45
2140,2141,45
2142,2143,42
2144,2145,39
2146,2147,37
2148,2149,40
2150,2151,33
2152,2153,37
2154,2155,53
2156,2157,47
2158,2159,34
2160,2161,46
2162,2163,39
2164,2165,36
2166,2167,43
2168,2169,48
2170,2171,27
2172,2173,37
2174,2175,29
2176,2177,35
2178,2179,34
2180,2181,35
2182,2183,46
2184,2185,41
2186,2187,41
2188,2189,41
2190,2191,36
2192,2193,32
2194,2195,43
2196,2197,45
2198,2199,48
2200,2201,41
2202,2203,39
2204,2205,51
2206,2207,41
2208,2209,40
2210,2211,32
2212,2213,42
2214,2215,24
2216,2217,46
2218,2219,44
2220,2221,33
2222,2223,47
2224,2225,39
2226,2227,38
2228,2229,29
2230,2231,37
2232,2233,43
2234,2235,35
2236,2237,40
2238,2239,45
2240,2241,47
2242,2243,48
2244,2245,38
2246,2247,36
2248,2249,37
2250,2251,36
2252,2253,42
2254,2255,40
2256,2257,31
2258,2259,25
2260,2261,27
2262,2263,37
2264,2265,34
2266,2267,40
2268,2269,27
2270,2271,27
2272,2273,44
2274,2275,37
2276,2277,43
2278,2279,37
2280,2281,35
2282,2283,38
2284,2285,36
2286,2287,32
2288,2289,33
2290,2291,35
2292,2293,28
2294,2295,28
2296,2297,35
2298,2299,33
2300,2301,42
2302,2303,39
2304,2305,31
2306,2307,29
2308,2309,30
2310,2311,28
2312,2313,31
2314,2315,28
2316,2317,41
2318,2319,31
2320,2321,39
2322,2323,43
2324,2325,41
2326,2327,25
2328,2329,48
2330,2331,37
2332,2333,33
2334,2335,40
2336,2337,36
2338,2339,35
2340,2341,31
2342,2343,36
2344,2345,22
2346,2347,33
2348,2349,38
2350,2351,37
2352,2353,37
2354,2355,33
2356,2357,30
2358,2359,40
2360,2361,44
2362,2363,24
2364,2365,29
2366,2367,31
2368,2369,43
2370,2371,34
2372,2373,31
2374,2375,31
2376,2377,35
2378,2379,37
2380,2381,29
2382,2383,33
2384,2385,36
2386,2387,38
2388,2389,26
2390,2391,25
2392,2393,40
2394,2395,55
2396,2397,25
2398,2399,33
2400,2401,23
2402,2403,33
2404,2405,32
2406,2407,34
2408,2409,34
2410,2411,28
2412,2413,38
2414,2415,33
2416,2417,38
2418,2419,32
2420,2421,42
2422,2423,33
2424,2425,29
2426,2427,37
2428,2429,29
2430,2431,33
2432,2433,36
2434,2435,36
2436,2437,36
2438,2439,33
2440,2441,33
2442,2443,34
2444,2445,37
2446,2447,34
2448,2449,37
2450,2451,34
2452,2453,41
2454,2455,49
2456,2457,32
2458,2459,32
2460,2461,36
2462,2463,42
2464,2465,33
2466,2467,36
2468,2469,39
2470,2471,36
2472,2473,39
2474,2475,37
2476,2477,49
2478,2479,34
2480,2481,31
2482,2483,35
2484,2485,31
2486,2487,39
2488,2489,28
2490,2491,36
2492,2493,40
2494,2495,38
2496,2497,30
2498,2499,46
2500,2501,10
2502,2503,39
2504,2505,40
2506,2507,33
2508,2509,24
2510,2511,34
2512,2513,43
2514,2515,39
2516,2517,37
2518,2519,35
2520,2521,41
2522,2523,38
2524,2525,37
2526,2527,40
2528,2529,48
2530,2531,46
2532,2533,41
2534,2535,37
2536,2537,34
2538,2539,54
2540,2541,22
2542,2543,39
2544,2545,46
2546,2547,31
2548,2549,42
2550,2551,49
2552,2553,34
2554,2555,37
2556,2557,34
2558,2559,37
2560,2561,28
2562,2563,29
2564,2565,29
2566,2567,39
2568,2569,37
2570,2571,33
2572,2573,44
2574,2575,43
2576,2577,34
2578,2579,43
2580,2581,51
2582,2583,52
2584,2585,30
2586,2587,30
2588,2589,37
2590,2591,51
2592,2593,31
2594,2595,35
2596,2597,42
2598,2599,44
2600,2601,42
2602,2603,44
2604,2605,32
2606,2607,33
2608,2609,38
2610,2611,29
2612,2613,43
2614,2615,47
2616,2617,32
2618,2619,41
2620,2621,37
2622,2623,49
2624,2625,36
2626,2627,48
2628,2629,46
2630,2631,35
2632,2633,48
2634,2635,43
2636,2637,35
2638,2639,42
2640,2641,26
2642,2643,35
2644,2645,31
2646,2647,44
2648,2649,44
2650,2651,47
2652,2653,42
2654,2655,35
2656,2657,26
2658,2659,41
2660,2661,35
2662,2663,42
2664,2665,34
2666,2667,36
2668,2669,41
2670,2671,40
2672,2673,50
2674,2675,35
2676,2677,42
2678,2679,42
2680,2681,37
2682,2683,32
2684,2685,48
2686,2687,40
2688,2689,44
2690,2691,48
2692,2693,56
2694,2695,47
2696,2697,37
2698,2699,48
2700,2701,42
2702,2703,44
2704,2705,46
2706,2707,53
2708,2709,36
2710,2711,38
2712,2713,35
2714,2715,42
2716,2717,25
2718,2719,43
2720,2721,39
2722,2723,39
2724,2725,39
2726,2727,39
2728,2729,45
2730,2731,35
2732,2733,32
2734,2735,37
2736,2737,51
2738,2739,37
2740,2741,34
2742,2743,50
2744,2745,39
2746,2747,32
2748,2749,41
2750,2751,45
2752,2753,29
2754,2755,40
2756,2757,46
2758,2759,36
2760,2761,36
2762,2763,42
2764,2765,39
2766,2767,43
2768,2769,42
2770,2771,44
2772,2773,28
2774,2775,47
2776,2777,37
2778,2779,43
2780,2781,30
2782,2783,37
2784,2785,37
2786,2787,41
2788,2789,31
2790,2791,34
2792,2793,30
2794,2795,33
2796,2797,50
2798,2799,25
2800,2801,39
2802,2803,35
2804,2805,41
2806,2807,43
2808,2809,39
2810,2811,39
2812,2813,42
2814,2815,35
2816,2817,33
2818,2819,32
2820,2821,27
2822,2823,34
2824,2825,41
2826,2827,36
2828,2829,39
2830,2831,17
2832,2833,32
2834,2835,38
2836,2837,33
2838,2839,44
2840,2841,36
2842,2843,39
2844,2845,36
2846,2847,38
2848,2849,30
2850,2851,40
2852,2853,38
2854,2855,27
2856,2857,27
2858,2859,34
2860,2861,33
2862,2863,22
2864,2865,26
2866,2867,47
2868,2869,28
2870,2871,29
2872,2873,31
2874,2875,34
2876,2877,22
2878,2879,30
2880,2881,35
2882,2883,34
2884,2885,23
2886,2887,25
2888,2889,39
2890,2891,28
2892,2893,32
2894,2895,35
2896,2897,41
2898,2899,25
2900,2901,34
2902,2903,30
2904,2905,26
2906,2907,34
2908,2909,28
2910,2911,41
2912,2913,30
2914,2915,30
2916,2917,47
2918,2919,27
2920,2921,33
2922,2923,32
2924,2925,30
2926,2927,30
2928,2929,30
2930,2931,38
2932,2933,35
2934,2935,22
2936,2937,27
2938,2939,26
2940,2941,26
2942,2943,31
2944,2945,22
2946,2947,28
2948,2949,32
2950,2951,31
2952,2953,20
2954,2955,37
2956,2957,23
2958,2959,22
2960,2961,29
2962,2963,30
2964,2965,28
2966,2967,25
2968,2969,37
2970,2971,24
2972,2973,34
2974,2975,29
2976,2977,25
2978,2979,27
2980,2981,25
2982,2983,30
2984,2985,20
2986,2987,24
2988,2989,36
2990,2991,30
2992,2993,27
2994,2995,24
2996,2997,17
2998,2999,29
3000,3001,22
3002,3003,23
3004,3005,22
3006,3007,31
3008,3009,23
3010,3011,21
3012,3013,25
3014,3015,32
3016,3017,11
3018,3019,25
3020,3021,34
3022,3023,23
3024,3025,31
3026,3027,31
3028,3029,29
3030,3031,22
3032,3033,20
3034,3035,19
3036,3037,30
3038,3039,26
3040,3041,24
3042,3043,20
3044,3045,19
3046,3047,20
3048,3049,26
3050,3051,30
3052,3053,26
3054,3055,31
3056,3057,23
3058,3059,17
3060,3061,16
3062,3063,21
3064,3065,22
3066,3067,20
3068,3069,20
3070,3071,27
3072,3073,30
3074,3075,19
3076,3077,23
3078,3079,22
3080,3081,27
3082,3083,18
3084,3085,22
3086,3087,26
3088,3089,21
3090,3091,23
3092,3093,26
3094,3095,19
3096,3097,26
3098,3099,20
3100,3101,19
3102,3103,16
3104,3105,27
3106,3107,21
3108,3109,18
3110,3111,25
3112,3113,19
3114,3115,19
3116,3117,28
3118,3119,18
3120,3121,27
3122,3123,15
3124,3125,14
3126,3127,19
3128,3129,24
3130,3131,30
3132,3133,22
3134,3135,26
3136,3137,28
3138,3139,25
3140,3141,15
3142,3143,27
3144,3145,24
3146,3147,24
3148,3149,16
3150,3151,20
3152,3153,22
3154,3155,18
3156,3157,19
3158,3159,19
3160,3161,33
3162,3163,27
3164,3165,20
3166,3167,16
3168,3169,26
3170,3171,29
3172,3173,20
3174,3175,20
3176,3177,17
3178,3179,22
3180,3181,25
3182,3183,24
3184,3185,14
3186,3187,19
3188,3189,21
3190,3191,16
3192,3193,23
3194,3195,26
3196,3197,18
3198,3199,21
3200,3201,22
3202,3203,27
3204,3205,24
3206,3207,15
3208,3209,19
3210,3211,24
3212,3213,27
3214,3215,19
3216,3217,20
3218,3219,21
3220,3221,18
3222,3223,15
3224,3225,21
3226,3227,17
3228,3229,26
3230,3231,14
3232,3233,17
3234,3235,29
3236,3237,18
3238,3239,20
3240,3241,27
3242,3243,22
3244,3245,18
3246,3247,26
3248,3249,18
3250,3251,22
3252,3253,23
3254,3255,23
3256,3257,16
3258,3259,28
3260,3261,21
3262,3263,19
3264,3265,17
3266,3267,15
3268,3269,23
3270,3271,18
3272,3273,22
3274,3275,19
3276,3277,18
3278,3279,26
3280,3281,18
3282,3283,25
3284,3285,22
3286,3287,20
3288,3289,21
3290,3291,16
3292,3293,12
3294,3295,24
3296,3297,24
3298,3299,26
3300,3301,22
3302,3303,18
3304,3305,18
3306,3307,17
3308,3309,16
3310,3311,26
3312,3313,17
3314,3315,15
3316,3317,27
3318,3319,20
3320,3321,18
3322,3323,14
3324,3325,20
3326,3327,26
3328,3329,13
3330,3331,21
3332,3333,22
3334,3335,16
3336,3337,16
3338,3339,17
3340,3341,27
3342,3343,12
3344,3345,20
3346,3347,13
3348,3349,14
3350,3351,19
3352,3353,17
3354,3355,21
3356,3357,15
3358,3359,29
3360,3361,16
3362,3363,15
3364,3365,15
3366,3367,17
3368,3369,26
3370,3371,11
3372,3373,13
3374,3375,21
3376,3377,17
3378,3379,18
3380,3381,23
3382,3383,24
3384,3385,17
3386,3387,23
3388,3389,25
3390,3391,18
3392,3393,24
3394,3395,26
3396,3397,29
3398,3399,23
3400,3401,27
3402,3403,23
3404,3405,20
3406,3407,19
3408,3409,17
3410,3411,18
3412,3413,18
3414,3415,26
3416,3417,13
3418,3419,17
3420,3421,25
3422,3423,16
3424,3425,28
3426,3427,19
3428,3429,15
3430,3431,17
3432,3433,26
3434,3435,20
3436,3437,18
3438,3439,24
3440,3441,27
3442,3443,19
3444,3445,24
3446,3447,23
3448,3449,16
3450,3451,25
3452,3453,14
3454,3455,27
3456,3457,27
3458,3459,16
3460,3461,30
3462,3463,31
3464,3465,25
3466,3467,24
3468,3469,26
3470,3471,29
3472,3473,26
3474,3475,17
3476,3477,23
3478,3479,30
3480,3481,19
3482,3483,26
3484,3485,20
3486,3487,24
3488,3489,28
3490,3491,23
3492,3493,27
3494,3495,25
3496,3497,23
3498,3499,20
3500,3501,24
3502,3503,25
3504,3505,30
3506,3507,26
3508,3509,36
3510,3511,28
3512,3513,26
3514,3515,32
3516,3517,33
3518,3519,31
3520,3521,36
3522,3523,23
3524,3525,27
3526,3527,37
3528,3529,37
3530,3531,26
3532,3533,26
3534,3535,38
3536,3537,44
3538,3539,36
3540,3541,26
3542,3543,33
3544,3545,27
3546,3547,27
3548,3549,42
3550,3551,25
3552,3553,24
3554,3555,39
3556,3557,27
3558,3559,42
3560,3561,35
3562,3563,24
3564,3565,38
3566,3567,29
3568,3569,29
3570,3571,35
3572,3573,33
3574,3575,33
3576,3577,47
3578,3579,34
3580,3581,28
3582,3583,31
3584,3585,32
3586,3587,24
3588,3589,29
3590,3591,28
3592,3593,37
3594,3595,53
3596,3597,33
3598,3599,37
3600,3601,38
3602,3603,35
3604,3605,43
3606,3607,37
3608,3609,35
3610,3611,45
3612,3613,35
3614,3615,29
3616,3617,36
3618,3619,40
3620,3621,30
3622,3623,32
3624,3625,38
3626,3627,41
3628,3629,37
3630,3631,38
3632,3633,37
3634,3635,39
3636,3637,28
3638,3639,42
3640,3641,35
3642,3643,42
3644,3645,36
3646,3647,30
3648,3649,38
3650,3651,35
3652,3653,40
3654,3655,34
3656,3657,44
3658,3659,44
3660,3661,46
3662,3663,42
3664,3665,50
3666,3667,36
3668,3669,47
3670,3671,36
3672,3673,30
3674,3675,36
3676,3677,33
3678,3679,37
3680,3681,38
3682,3683,38
3684,3685,29
3686,3687,29
3688,3689,47
3690,3691,35
3692,3693,37
3694,3695,35
3696,3697,45
3698,3699,51
3700,3701,40
3702,3703,36
3704,3705,31
3706,3707,36
3708,3709,32
3710,3711,25
3712,3713,35
3714,3715,40
3716,3717,26
3718,3719,41
3720,3721,40
3722,3723,36
3724,3725,35
3726,3727,39
3728,3729,37
3730,3731,35
3732,3733,40
3734,3735,43
3736,3737,35
3738,3739,48
3740,3741,37
3742,3743,37
3744,3745,27
3746,3747,28
3748,3749,31
3750,3751,19
3752,3753,33
3754,3755,28
3756,3757,42
3758,3759,40
3760,3761,33
3762,3763,36
3764,3765,30
3766,3767,25
3768,3769,39
3770,3771,32
3772,3773,41
3774,3775,26
3776,3777,42
3778,3779,33
3780,3781,31
3782,3783,38
3784,3785,34
3786,3787,33
3788,3789,31
3790,3791,30
3792,3793,29
3794,3795,36
3796,3797,26
3798,3799,26
3800,3801,35
3802,3803,36
3804,3805,25
3806,3807,31
3808,3809,35
3810,3811,27
3812,3813,27
3814,3815,27
3816,3817,38
3818,3819,30
3820,3821,36
3822,3823,18
3824,3825,23
3826,3827,29
3828,3829,35
3830,3831,33
3832,3833,35
3834,3835,34
3836,3837,27
3838,3839,26
3840,3841,25
3842,3843,29
3844,3845,22
3846,3847,22
3848,3849,28
3850,3851,34
3852,3853,29
3854,3855,31
3856,3857,28
3858,3859,31
3860,3861,27
3862,3863,35
3864,3865,30
3866,3867,23
3868,3869,34
3870,3871,24
3872,3873,44
3874,3875,24
3876,3877,28
3878,3879,19
3880,3881,21
3882,3883,32
3884,3885,24
3886,3887,24
3888,3889,41
3890,3891,26
3892,3893,28
3894,3895,29
3896,3897,31
3898,3899,29
3900,3901,28
3902,3903,36
3904,3905,29
3906,3907,30
3908,3909,33
3910,3911,25
3912,3913,30
3914,3915,16
3916,3917,28
3918,3919,31
3920,3921,21
3922,3923,30
3924,3925,23
3926,3927,29
3928,3929,25
3930,3931,25
3932,3933,26
3934,3935,27
3936,3937,27
3938,3939,30
3940,3941,30
3942,3943,31
3944,3945,24
3946,3947,29
3948,3949,28
3950,3951,26
3952,3953,25
3954,3955,35
3956,3957,31
3958,3959,32
3960,3961,27
3962,3963,36
3964,3965,34
3966,3967,34
3968,3969,22
3970,3971,24
3972,3973,35
3974,3975,27
3976,3977,31
3978,3979,26
3980,3981,32
3982,3983,30
3984,3985,38
3986,3987,32
3988,3989,23
3990,3991,21
3992,3993,17
3994,3995,33
3996,3997,21
3998,3999,28
4000,4001,25
4002,4003,40
4004,4005,26
4006,4007,36
4008,4009,34
4010,4011,32
4012,4013,33
4014,4015,29
4016,4017,35
4018,4019,34
4020,4021,39
4022,4023,26
4024,4025,31
4026,4027,34
4028,4029,39
4030,4031,38
4032,4033,39
4034,4035,49
4036,4037,35
4038,4039,40
4040,4041,40
4042,4043,33
4044,4045,40
4046,4047,40
4048,4049,31
4050,4051,35
4052,4053,41
4054,4055,52
4056,4057,43
4058,4059,45
4060,4061,35
4062,4063,33
4064,4065,39
4066,4067,37
4068,4069,36
4070,4071,40
4072,4073,50
4074,4075,43
4076,4077,42
4078,4079,40
4080,4081,28
4082,4083,37
4084,4085,41
4086,4087,46
4088,4089,27
4090,4091,42
4092,4093,42
4094,4095,41
4096,4099,75
4100,4103,69
4104,4107,77
4108,4111,85
4112,4115,81
4116,4119,89
4120,4123,68
4124,4127,82
4128,4131,81
4132,4135,90
4136,4139,102
4140,4143,85
4144,4147,85
4148,4151,80
4152,4155,80
4156,4159,88
4160,4163,101
4164,4167,88
4168,4171,100
4172,4175,92
4176,4179,112
4180,4183,107
4184,4187,84
4188,4191,106
4192,4195,97
4196,4199,102
4200,4203,102
4204,4207,114
4208,4211,79
4212,4215,78
4216,4219,99
4220,4223,85
4224,4227,96
4228,4231,79
4232,4235,86
4236,4239,85
4240,4243,85
4244,4247,87
4248,4251,98
4252,4255,80
4256,4259,64
4260,4263,82
4264,4267,85
4268,4271,92
4272,4275,91
4276,4279,81
4280,4283,80
4284,4287,66
4288,4291,87
4292,4295,83
4296,4299,85
4300,4303,61
4304,4307,64
4308,4311,65
4312,4315,77
4316,4319,81
4320,4323,76
4324,4327,69
4328,4331,67
4332,4335,54
4336,4339,69
4340,4343,60
4344,4347,64
4348,4351,60
4352,4355,58
4356,4359,74
4360,4363,68
4364,4367,76
4368,4371,59
4372,4375,41
4376,4379,64
4380,4383,67
4384,4387,54
4388,4391,59
4392,4395,69
4396,4399,56
4400,4403,59
4404,4407,61
4408,4411,55
4412,4415,76
4416,4419,62
4420,4423,70
4424,4427,52
4428,4431,62
4432,4435,60
4436,4439,56
4440,4443,54
4444,4447,58
4448,4451,57
4452,4455,62
4456,4459,62
4460,4463,77
4464,4467,44
4468,4471,70
4472,4475,51
4476,4479,46
4480,4483,55
4484,4487,52
4488,4491,60
4492,4495,67
4496,4499,55
4500,4503,48
4504,4507,69
4508,4511,50
4512,4515,47
4516,4519,50
4520,4523,71
4524,4527,58
4528,4531,60
4532,4535,52
4536,4539,70
4540,4543,65
4544,4547,53
4548,4551,56
4552,4555,53
4556,4559,53
4560,4563,56
4564,4567,53
4568,4571,60
4572,4575,54
4576,4579,58
4580,4583,68
4584,4587,50
4588,4591,56
4592,4595,50
4596,4599,62
4600,4603,60
4604,4607,57
4608,4611,66
4612,4615,49
4616,4619,60
4620,4623,49
4624,4627,54
4628,4631,59
4632,4635,56
4636,4639,62
4640,4643,60
4644,4647,62
4648,4651,57
4652,4655,50
4656,4659,54
4660,4663,35
4664,4667,67
4668,4671,40
4672,4675,47
4676,4679,59
4680,4683,54
4684,4687,57
4688,4691,48
4692,4695,34
4696,4699,48
4700,4703,34
4704,4707,44
4708,4711,49
4712,4715,30
4716,4719,42
4720,4723,58
4724,4727,45
4728,4731,50
4732,4735,57
4736,4739,45
4740,4743,66
4744,4747,46
4748,4751,49
4752,4755,45
4756,4759,34
4760,4763,45
4764,4767,49
4768,4771,48
4772,4775,45
4776,4779,45
4780,4783,50
4784,4787,42
4788,4791,47
4792,4795,48
4796,4799,57
4800,4803,43
4804,4807,61
4808,4811,40
4812,4815,40
4816,4819,40
4820,4823,37
4824,4827,39
4828,4831,44
4832,4835,45
4836,4839,33
4840,4843,45
4844,4847,33
4848,4851,44
4852,4855,44
4856,4859,28
4860,4863,39
4864,4867,21
4868,4871,23
4872,4875,32
4876,4879,30
4880,4883,24
4884,4887,28
4888,4891,31
4892,4895,43
4896,4899,32
4900,4903,35
4904,4907,28
4908,4911,35
4912,4915,38
4916,4919,30
4920,4923,28
4924,4927,34
4928,4931,27
4932,4935,25
4936,4939,30
4940,4943,39
4944,4947,31
4948,4951,25
4952,4955,28
4956,4959,29
4960,4963,31
4964,4967,31
4968,4971,27
4972,4975,24
4976,4979,33
4980,4983,24
4984,4987,24
4988,4991,32
4992,4995,24
4996,4999,25
5000,5003,17
5004,5007,42
5008,5011,23
5012,5015,33
5016,5019,35
5020,5023,27
5024,5027,22
5028,5031,23
5032,5035,33
5036,5039,27
5040,5043,27
5044,5047,21
5048,5051,19
5052,5055,22
5056,5059,31
5060,5063,19
5064,5067,21
5068,5071,20
5072,5075,8
5076,5079,26
5080,5083,23
5084,5087,37
5088,5091,27
5092,5095,31
5096,5099,27
5100,5103,34
5104,5107,17
5108,5111,22
5112,5115,22
5116,5119,17
5120,5123,24
5124,5127,19
5128,5131,30
5132,5135,31
5136,5139,25
5140,5143,19
5144,5147,17
5148,5151,18
5152,5155,21
5156,5159,16
5160,5163,29
5164,5167,28
5168,5171,15
5172,5175,25
5176,5179,34
5180,5183,19
5184,5187,37
5188,5191,14
5192,5195,17
5196,5199,13
5200,5203,29
5204,5207,25
5208,5211,18
5212,5215,24
5216,5219,23
5220,5223,18
5224,5227,11
5228,5231,21
5232,5235,16
5236,5239,21
5240,5243,23
5244,5247,14
5248,5251,19
5252,5255,20
5256,5259,20
5260,5263,10
5264,5267,22
5268,5271,16
5272,5275,20
5276,5279,23
5280,5283,13
5284,5287,15
5288,5291,20
5292,5295,17
5296,5299,27
5300,5303,18
5304,5307,15
5308,5311,11
5312,5315,16
5316,5319,11
5320,5323,10
5324,5327,14
5328,5331,14
5332,5335,21
5336,5339,20
5340,5343,18
5344,5347,12
5348,5351,16
5352,5355,22
5356,5359,12
5360,5363,13
5364,5367,13
5368,5371,13
5372,5375,17
5376,5379,9
5380,5383,19
5384,5387,23
5388,5391,11
5392,5395,18
5396,5399,17
5400,5403,14
5404,5407,14
5408,5411,18
5412,5415,10
5416,5419,12
5420,5423,15
5424,5427,16
5428,5431,21
5432,5435,14
5436,5439,11
5440,5443,13
5444,5447,12
5448,5451,22
5452,5455,12
5456,5459,20
5460,5463,12
5464,5467,13
5468,5471,13
5472,5475,18
5476,5479,11
5480,5483,11
5484,5487,15
5488,5491,12
5492,5495,14
5496,5499,18
5500,5503,12
5504,5507,13
5508,5511,21
5512,5515,17
5516,5519,18
5520,5523,15
5524,5527,18
5528,5531,19
5532,5535,19
5536,5539,13
5540,5543,20
5544,5547,15
5548,5551,19
5552,5555,17
5556,5559,13
5560,5563,14
5564,5567,9
5568,5571,13
5572,5575,19
5576,5579,16
5580,5583,11
5584,5587,11
5588,5591,23
5592,5595,19
5596,5599,25
5600,5603,21
5604,5607,13
5608,5611,11
5612,5615,17
5616,5619,13
5620,5623,11
5624,5627,11
5628,5631,15
5632,5635,15
5636,5639,19
5640,5643,15
5644,5647,17
5648,5651,13
5652,5655,19
5656,5659,10
5660,5663,23
5664,5667,15
5668,5671,15
5672,5675,15
5676,5679,19
5680,5683,16
5684,5687,16
5688,5691,10
5692,5695,15
5696,5699,15
5700,5703,22
5704,5707,14
5708,5711,13
5712,5715,16
5716,5719,10
5720,5723,13
5724,5727,13
5728,5731,18
5732,5735,16
5736,5739,12
5740,5743,17
5744,5747,21
5748,5751,12
5752,5755,20
5756,5759,16
5760,5763,10
5764,5767,8
5768,5771,18
5772,5775,11
5776,5779,22
5780,5783,14
5784,5787,11
5788,5791,14
5792,5795,11
5796,5799,9
5800,5803,12
5804,5807,16
5808,5811,9
5812,5815,9
5816,5819,13
5820,5823,14
5824,5827,11
5828,5831,8
5832,5835,12
5836,5839,15
5840,5843,11
5844,5847,9
5848,5851,12
5852,5855,13
5856,5859,9
5860,5863,11
5864,5867,7
5868,5871,8
5872,5875,13
5876,5879,10
5880,5883,10
5884,5887,10
5888,5891,9
5892,5895,7
5896,5899,15
5900,5903,10
5904,5907,12
5908,5911,11
5912,5915,7
5916,5919,10
5920,5923,8
5924,5927,11
5928,5931,9
5932,5935,10
5936,5939,7
5940,5943,9
5944,5947,7
5948,5951,9
5952,5955,4
5956,5959,9
5960,5963,14
5964,5967,7
5968,5971,10
5972,5975,14
5976,5979,10
5980,5983,8
5984,5987,12
5988,5991,4
5992,5995,7
5996,5999,5
6000,6003,8
6004,6007,4
6008,6011,8
6012,6015,8
6016,6019,2
6020,6023,10
6024,6027,7
6028,6031,8
6032,6035,5
6036,6039,4
6040,6043,11
6044,6047,9
6048,6051,7
6052,6055,5
6056,6059,5
6060,6063,6
6064,6067,10
6068,6071,6
6072,6075,4
6076,6079,7
6080,6083,4
6084,6087,7
6088,6091,6
6092,6095,4
6096,6099,9
6100,6103,3
6104,6107,5
6108,6111,6
6112,6115,5
6116,6119,6
6120,6123,7
6124,6127,10
6128,6131,4
6132,6135,9
6136,6139,4
6140,6143,5
6144,6147,6
6148,6151,3
6152,6155,7
6156,6159,4
6160,6163,13
6164,6167,4
6168,6171,8
6172,6175,5
6176,6179,9
6180,6183,2
6184,6187,4
6188,6191,2
6192,6195,5
6196,6199,10
6200,6203,11
6204,6207,3
6208,6211,5
6212,6215,5
6216,6219,3
6220,6223,6
6224,6227,2
6228,6231,7
6232,6235,2
6236,6239,4
6240,6243,8
6248,6251,2
6252,6255,3
6256,6259,7
6260,6263,8
6264,6267,5
6268,6271,7
6272,6275,2
6276,6279,6
6280,6283,4
6284,6287,7
6288,6291,4
6292,6295,7
6296,6299,2
6300,6303,6
6304,6307,6
6308,6311,3
6312,6315,4
6316,6319,3
6320,6323,4
6324,6327,2
6328,6331,3
6332,6335,5
6336,6339,4
6340,6343,4
6344,6347,7
6348,6351,5
6352,6355,5
6356,6359,7
6360,6363,3
6364,6367,3
6368,6371,2
6372,6375,4
6376,6379,7
6380,6383,4
6384,6387,4
6388,6391,4
6392,6395,6
6396,6399,4
6400,6403,11
6408,6411,7
6412,6415,4
6416,6419,6
6420,6423,3
6424,6427,5
6428,6431,5
6432,6435,8
6436,6439,6
6440,6443,3
6444,6447,3
6448,6451,3
6452,6455,7
6456,6459,4
6460,6463,3
6464,6467,5
6468,6471,2
6472,6475,8
6476,6479,4
6480,6483,4
6484,6487,4
6488,6491,5
6492,6495,5
6496,6499,7
6500,6503,6
6504,6507,5
6508,6511,5
6512,6515,8
6516,6519,6
6520,6523,6
6524,6527,6
6528,6531,4
6532,6535,4
6540,6543,4
6544,6547,8
6548,6551,3
6552,6555,5
6556,6559,4
6564,6567,3
6568,6571,4
6572,6575,5
6576,6579,5
6580,6583,4
6584,6587,3
6588,6591,3
6592,6595,5
6596,6599,4
6600,6603,8
6604,6607,5
6608,6611,3
6612,6615,7
6616,6619,4
6620,6623,3
6624,6627,5
6628,6631,7
6632,6635,2
6636,6639,3
6640,6643,6
6644,6647,4
6648,6651,3
6652,6655,1
6656,6659,4
6660,6663,4
6664,6667,8
6668,6671,8
6672,6675,2
6676,6679,3
6680,6683,7
6684,6687,6
6688,6691,5
6692,6695,4
6696,6699,3
6700,6703,3
6704,6707,4
6708,6711,5
6712,6715,7
6716,6719,5
6720,6723,3
6724,6727,5
6728,6731,6
6732,6735,3
6736,6739,3
6740,6743,5
6744,6747,3
6748,6751,5
6752,6755,4
6756,6759,5
6760,6763,6
6764,6767,3
6768,6771,4
6772,6775,6
6776,6779,3
6780,6783,4
6784,6787,7
6788,6791,1
6792,6795,7
6796,6799,7
6800,6803,3
6804,6807,6
6808,6811,7
6812,6815,4
6816,6819,4
6820,6823,3
6824,6827,4
6828,6831,4
6832,6835,6
6836,6839,4
6840,6843,3
6844,6847,2
6848,6851,4
6852,6855,5
6856,6859,3
6860,6863,4
6864,6867,8
6868,6871,3
6872,6875,3
6876,6879,4
6880,6883,4
6884,6887,5
6888,6891,6
6892,6895,8
6896,6899,7
6900,6903,5
6904,6907,5
6908,6911,4
6912,6915,12
6916,6919,5
6920,6923,9
6924,6927,2
6928,6931,5
6932,6935,8
6936,6939,6
6940,6943,6
6944,6947,8
6948,6951,9
6952,6955,6
6956,6959,6
6960,6963,5
6964,6967,3
6968,6971,7
6972,6975,8
6976,6979,7
6980,6983,9
6984,6987,10
6988,6991,5
6992,6995,5
6996,6999,5
7000,7003,6
7004,7007,9
7008,7011,9
7012,7015,5
7016,7019,12
7020,7023,7
7024,7027,7
7028,7031,9
7032,7035,10
7036,7039,10
7040,7043,8
7044,7047,16
7048,7051,7
7052,7055,10
7056,7059,6
7060,7063,6
7064,7067,6
7068,7071,12
7072,7075,9
7076,7079,5
7080,7083,8
7084,7087,10
7088,7091,10
7092,7095,8
7096,7099,6
7100,7103,7
7104,7107,9
7108,7111,8
7112,7115,8
7116,7119,5
7120,7123,7
7124,7127,7
7128,7131,8
7132,7135,11
7136,7139,7
7140,7143,8
7144,7147,7
7148,7151,9
7152,7155,13
7156,7159,6
7160,7163,11
7164,7167,9
7168,7171,4
7172,7175,7
7176,7179,5
7180,7183,13
7184,7187,3
7188,7191,7
7192,7195,4
7196,7199,11
7200,7203,8
7204,7207,8
7208,7211,8
7212,7215,11
7216,7219,10
7220,7223,7
7224,7227,10
7228,7231,9
7232,7235,9
7236,7239,8
7240,7243,7
7244,7247,8
7248,7251,6
7252,7255,11
7256,7259,11
7260,7263,13
7264,7267,11
7268,7271,3
7272,7275,7
7276,7279,5
7280,7283,6
7284,7287,8
7288,7291,13
7292,7295,8
7296,7299,9
7300,7303,13
7304,7307,7
7308,7311,6
7312,7315,6
7316,7319,9
7320,7323,4
7324,7327,6
7328,7331,12
7332,7335,12
7336,7339,15
7340,7343,8
7344,7347,3
7348,7351,7
7352,7355,6
7356,7359,10
7360,7363,9
7364,7367,10
7368,7371,10
7372,7375,4
7376,7379,7
7380,7383,6
7384,7387,13
7388,7391,8
7392,7395,7
7396,7399,7
7400,7403,7
7404,7407,10
7408,7411,7
7412,7415,10
7416,7419,10
7420,7423,11
7424,7427,6
7428,7431,8
7432,7435,10
7436,7439,6
7440,7443,7
7444,7447,10
7448,7451,8
7452,7455,8
7456,7459,4
7460,7463,10
7464,7467,5
7468,7471,8
7472,7475,6
7476,7479,4
7480,7483,8
7484,7487,12
7488,7491,4
7492,7495,8
7496,7499,6
7500,7503,3
7504,7507,9
7508,7511,8
7512,7515,9
7516,7519,6
7520,7523,7
7524,7527,7
7528,7531,8
7532,7535,5
7536,7539,10
7540,7543,7
7544,7547,5
7548,7551,4
7552,7555,7
7556,7559,6
7560,7563,4
7564,7567,10
7568,7571,5
7572,7575,6
7576,7579,8
7580,7583,3
7584,7587,10
7588,7591,8
7592,7595,8
7596,7599,8
7600,7603,6
7604,7607,11
7608,7611,8
7612,7615,7
7616,7619,4
7620,7623,9
7624,7627,5
7628,7631,13
7632,7635,11
7636,7639,8
7640,7643,6
7644,7647,4
7648,7651,9
7652,7655,5
7656,7659,10
7660,7663,11
7664,7667,13
7668,7671,8
7672,7675,8
7676,7679,10
7680,7683,9
7684,7687,5
7688,7691,9
7692,7695,4
7696,7699,8
7700,7703,14
7704,7707,7
7708,7711,15
7712,7715,11
7716,7719,8
7720,7723,14
7724,7727,4
7728,7731,12
7732,7735,15
7736,7739,12
7740,7743,13
7744,7747,23
7748,7751,16
7752,7755,18
7756,7759,18
7760,7763,19
7764,7767,19
7768,7771,14
7772,7775,18
7776,7779,12
7780,7783,21
7784,7787,19
7788,7791,22
7792,7795,27
7796,7799,21
7800,7803,24
7804,7807,23
7808,7811,20
7812,7815,23
7816,7819,23
7820,7823,29
7824,7827,24
7828,7831,27
7832,7835,30
7836,7839,29
7840,7843,37
7844,7847,36
7848,7851,38
7852,7855,27
7856,7859,29
7860,7863,32
7864,7867,38
7868,7871,40
7872,7875,39
7876,7879,37
7880,7883,37
7884,7887,33
7888,7891,47
7892,7895,30
7896,7899,43
7900,7903,54
7904,7907,29
7908,7911,50
7912,7915,54
7916,7919,40
7920,7923,30
7924,7927,39
7928,7931,35
7932,7935,33
7936,7939,46
7940,7943,45
7944,7947,48
7948,7951,47
7952,7955,47
7956,7959,41
7960,7963,47
7964,7967,37
7968,7971,41
7972,7975,57
7976,7979,45
7980,7983,45
7984,7987,42
7988,7991,38
7992,7995,48
7996,7999,52
8000,8003,52
8004,8007,42
8008,8011,41
8012,8015,38
8016,8019,40
8020,8023,52
8024,8027,36
8028,8031,40
8032,8035,45
8036,8039,45
8040,8043,37
8044,8047,43
8048,8051,38
8052,8055,53
8056,8059,37
8060,8063,63
8064,8067,38
8068,8071,40
8072,8075,38
8076,8079,40
8080,8083,46
8084,8087,38
8088,8091,40
8092,8095,43
8096,8099,43
8100,8103,29
8104,8107,38
8108,8111,39
8112,8115,32
8116,8119,41
8120,8123,41
8124,8127,23
8128,8131,42
8132,8135,33
8136,8139,36
8140,8143,20
8144,8147,28
8148,8151,36
8152,8155,22
8156,8159,29
8160,8163,23
8164,8167,28
8168,8171,24
8172,8175,29
8176,8179,32
8180,8183,25
8184,8187,23
8188,8191,24
8192,8199,53
8200,8207,54
8208,8215,54
8216,8223,52
8224,8231,38
8232,8239,50
8240,8247,60
8248,8255,48
8256,8263,39
8264,8271,42
8272,8279,47
8280,8287,31
8288,8295,32
8296,8303,42
8304,8311,39
8312,8319,32
8320,8327,33
8328,8335,45
8336,8343,38
8344,8351,32
8352,8359,26
8360,8367,27
8368,8375,21
8376,8383,24
8384,8391,21
8392,8399,26
8400,8407,28
8408,8415,14
8416,8423,25
8424,8431,20
8432,8439,24
8440,8447,19
8448,8455,28
8456,8463,23
8464,8471,13
8472,8479,14
8480,8487,17
8488,8495,11
8496,8503,14
8504,8511,10
8512,8519,11
8520,8527,15
8528,8535,13
8536,8543,4
8544,8551,16
8552,8559,15
8560,8567,13
8568,8575,12
8576,8583,15
8584,8591,15
8592,8599,13
8600,8607,11
8608,8615,9
8616,8623,10
8624,8631,18
8632,8639,11
8640,8647,17
8648,8655,16
8656,8663,10
8664,8671,14
8672,8679,13
8680,8687,18
8688,8695,16
8696,8703,9
8704,8711,28
8712,8719,22
8720,8727,23
8728,8735,21
8736,8743,27
8744,8751,25
8752,8759,27
8760,8767,31
8768,8775,35
8776,8783,20
8784,8791,34
8792,8799,34
8800,8807,40
8808,8815,34
8816,8823,39
8824,8831,36
8832,8839,45
8840,8847,41
8848,8855,47
8856,8863,47
8864,8871,45
8872,8879,49
8880,8887,46
8888,8895,40
8896,8903,54
8904,8911,61
8912,8919,40
8920,8927,51
8928,8935,50
8936,8943,58
8944,8951,43
8952,8959,61
8960,8967,52
8968,8975,51
8976,8983,48
8984,8991,56
8992,8999,57
9000,9007,51
9008,9015,54
9016,9023,52
9024,9031,51
9032,9039,41
9040,9047,49
9048,9055,42
9056,9063,54
9064,9071,43
9072,9079,39
9080,9087,41
9088,9095,59
9096,9103,32
9104,9111,38
9112,9119,40
9120,9127,31
9128,9135,41
9136,9143,38
9144,9151,37
9152,9159,26
9160,9167,31
9168,9175,34
9176,9183,41
9184,9191,39
9192,9199,33
9200,9207,30
9208,9215,33
9216,9223,30
9224,9231,29
9232,9239,39
9240,9247,28
9248,9255,22
9256,9263,34
9264,9271,25
9272,9279,18
9280,9287,30
9288,9295,16
9296,9303,25
9304,9311,21
9312,9319,31
9320,9327,24
9328,9335,18
9336,9343,32
9344,9351,28
9352,9359,16
9360,9367,20
9368,9375,16
9376,9383,25
9384,9391,13
9392,9399,19
9400,9407,14
9408,9415,18
9416,9423,20
9424,9431,22
9432,9439,18
9440,9447,10
9448,9455,17
9456,9463,15
9464,9471,10
9472,9479,17
9480,9487,25
9488,9495,11
9496,9503,8
9504,9511,25
9512,9519,16
9520,9527,26
9528,9535,19
9536,9543,18
9544,9551,24
9552,9559,19
9560,9567,13
9568,9575,24
9576,9583,15
9584,9591,21
9592,9599,13
9600,9607,15
9608,9615,22
9616,9623,15
9624,9631,22
9632,9639,18
9640,9647,23
9648,9655,14
9656,9663,26
9664,9671,25
9672,9679,28
9680,9687,18
9688,9695,20
9696,9703,17
9704,9711,17
9712,9719,10
9720,9727,18
9728,9735,19
9736,9743,16
9744,9751,13
9752,9759,18
9760,9767,20
9768,9775,26
9776,9783,19
9784,9791,20
9792,9799,24
9800,9807,24
9808,9815,20
9816,9823,15
9824,9831,20
9832,9839,18
9840,9847,15
9848,9855,20
9856,9863,25
9864,9871,18
9872,9879,7
9880,9887,21
9888,9895,9
9896,9903,17
9904,9911,22
9912,9919,17
9920,9927,17
9928,9935,18
9936,9943,22
9944,9951,22
9952,9959,14
9960,9967,8
9968,9975,20
9976,9983,15
9984,9991,10
9992,9999,15
10000,10007,22
10008,10015,27
10016,10023,20
10024,10031,18
10032,10039,19
10040,10047,14
10048,10055,13
10056,10063,15
10064,10071,21
10072,10079,15
10080,10087,14
10088,10095,18
10096,10103,22
10104,10111,25
10112,10119,18
10120,10127,11
10128,10135,22
10136,10143,13
10144,10151,20
10152,10159,15
10160,10167,23
10168,10175,23
10176,10183,16
10184,10191,14
10192,10199,9
10200,10207,16
10208,10215,13
10216,10223,17
10224,10231,15
10232,10239,17
10240,10247,14
10248,10255,7
10256,10263,13
10264,10271,18
10272,10279,7
10280,10287,20
10288,10295,10
10296,10303,12
10304,10311,19
10312,10319,14
10320,10327,10
10328,10335,11
10336,10343,13
10344,10351,12
10352,10359,14
10360,10367,15
10368,10375,11
10376,10383,10
10384,10391,20
10392,10399,19
10400,10407,14
10408,10415,19
10416,10423,15
10424,10431,14
10432,10439,14
10440,10447,15
10448,10455,6
10456,10463,17
10464,10471,10
10472,10479,8
10480,10487,10
10488,10495,10
10496,10503,10
10504,10511,17
10512,10519,12
10520,10527,19
10528,10535,5
10536,10543,16
10544,10551,13
10552,10559,9
10560,10567,10
10568,10575,13
10576,10583,3
10584,10591,14
10592,10599,10
10600,10607,15
10608,10615,8
10616,10623,12
10624,10631,13
10632,10639,9
10640,10647,14
10648,10655,18
10656,10663,10
10664,10671,16
10672,10679,11
10680,10687,10
10688,10695,18
10696,10703,12
10704,10711,14
10712,10719,11
10720,10727,8
10728,10735,7
10736,10743,9
10744,10751,9
10752,10759,7
10760,10767,9
10768,10775,13
10776,10783,13
10784,10791,7
10792,10799,14
10800,10807,12
10808,10815,10
10816,10823,9
10824,10831,14
10832,10839,6
10840,10847,13
10848,10855,14
10856,10863,12
10864,10871,10
10872,10879,15
10880,10887,9
10888,10895,13
10896,10903,8
10904,10911,12
10912,10919,4
10920,10927,13
10928,10935,8
10936,10943,14
10944,10951,7
10952,10959,15
10960,10967,6
10968,10975,10
10976,10983,7
10984,10991,12
10992,10999,12
11000,11007,10
11008,11015,8
11016,11023,6
11024,11031,8
11032,11039,8
11040,11047,7
11048,11055,12
11056,11063,5
11064,11071,3
11072,11079,6
11080,11087,9
11088,11095,6
11096,11103,7
11104,11111,10
11112,11119,7
11120,11127,10
11128,11135,9
11136,11143,6
11144,11151,6
11152,11159,9
11160,11167,7
11168,11175,7
11176,11183,3
11184,11191,12
11192,11199,6
11200,11207,5
11208,11215,6
11216,11223,11
11224,11231,7
11232,11239,7
11240,11247,6
11248,11255,1
11256,11263,7
11264,11271,8
11272,11279,6
11280,11287,6
11288,11295,8
11296,11303,3
11304,11311,8
11312,11319,4
11320,11327,5
11328,11335,5
11336,11343,7
11344,11351,8
11352,11359,7
11360,11367,7
11368,11375,6
11376,11383,8
11384,11391,5
11392,11399,11
11400,11407,5
11408,11415,5
11416,11423,10
11424,11431,6
11432,11439,3
11440,11447,5
11448,11455,7
11456,11463,5
11464,11471,5
11472,11479,7
11480,11487,8
11488,11495,3
11496,11503,7
11504,11511,5
11512,11519,2
11520,11527,4
11528,11535,3
11536,11543,5
11544,11551,1
11552,11559,8
11560,11567,6
11568,11575,2
11584,11591,4
11592,11599,2
11600,11607,1
11608,11615,4
11616,11623,3
11624,11631,5
11632,11639,5
11640,11647,3
11648,11655,4
11656,11663,4
11664,11671,7
11672,11679,4
11680,11687,3
11688,11695,1
11696,11703,2
11704,11711,4
11712,11719,1
11720,11727,3
11728,11735,5
11736,11743,4
11744,11751,5
11752,11759,2
11760,11767,5
11768,11775,3
11776,11783,3
11784,11791,3
11792,11799,1
11800,11807,4
11808,11815,6
11816,11823,4
11824,11831,6
11832,11839,4
11840,11847,1
11848,11855,2
11856,11863,6
11864,11871,7
11872,11879,4
11880,11887,5
11888,11895,7
11896,11903,6
11904,11911,3
11912,11919,3
11920,11927,7
11928,11935,3
11936,11943,5
11944,11951,6
11952,11959,6
11960,11967,10
11968,11975,4
11976,11983,8
11984,11991,13
11992,11999,5
12000,12007,7
12008,12015,1
12016,12023,3
12024,12031,1
12032,12039,5
12040,12047,5
12048,12055,3
12064,12071,5
12072,12079,6
12080,12087,10
12088,12095,2
12096,12103,10
12104,12111,4
12112,12119,8
12120,12127,1
12128,12135,9
12136,12143,7
12144,12151,3
12152,12159,4
12160,12167,4
12168,12175,6
12176,12183,4
12184,12191,1
12192,12199,1
12200,12207,5
12208,12215,1
12216,12223,4
12224,12231,3
12232,12239,3
12240,12247,1
12248,12255,1
12256,12263,8
12264,12271,5
12280,12287,1
12288,12295,2
12296,12303,3
12304,12311,3
12312,12319,2
12320,12327,2
12328,12335,1
12336,12343,3
12344,12351,1
12352,12359,2
12360,12367,1
12368,12375,1
12376,12383,1
12384,12391,2
12408,12415,3
12424,12431,2
12432,12439,1
12456,12463,3
12464,12471,4
12472,12479,3
12480,12487,2
12488,12495,2
12496,12503,2
12504,12511,2
12512,12519,1
12520,12527,5
12536,12543,4
12560,12567,1
12568,12575,3
12576,12583,1
12584,12591,6
12592,12599,2
12608,12615,2
12616,12623,2
12624,12631,2
12632,12639,2
12640,12647,3
12648,12655,4
12656,12663,4
12664,12671,1
12672,12679,3
12680,12687,2
12688,12695,2
12696,12703,2
12712,12719,6
12720,12727,2
12728,12735,2
12736,12743,1
12744,12751,1
12760,12767,5
12768,12775,1
12776,12783,1
12784,12791,2
12792,12799,3
12808,12815,1
12816,12823,5
12824,12831,2
12832,12839,1
12840,12847,1
12848,12855,1
12856,12863,1
12864,12871,1
12872,12879,4
12880,12887,3
12888,12895,2
12896,12903,2
12904,12911,1
12912,12919,2
12920,12927,2
12928,12935,3
12936,12943,2
12944,12951,3
12952,12959,1
12960,12967,2
12968,12975,4
12976,12983,2
12984,12991,2
12992,12999,2
13000,13007,2
13016,13023,3
13024,13031,2
13032,13039,7
13040,13047,1
13048,13055,7
13056,13063,1
13064,13071,3
13072,13079,1
13080,13087,3
13096,13103,5
13104,13111,1
13112,13119,5
13120,13127,2
13128,13135,3
13136,13143,4
13144,13151,4
13152,13159,2
13160,13167,4
13168,13175,3
13176,13183,3
13184,13191,3
13192,13199,1
13200,13207,5
13208,13215,2
13216,13223,6
13232,13239,3
13240,13247,3
13248,13255,6
13256,13263,4
13264,13271,5
13272,13279,4
13280,13287,4
13288,13295,3
13296,13303,2
13304,13311,4
13312,13319,7
13320,13327,5
13328,13335,4
13336,13343,5
13344,13351,6
13352,13359,5
13360,13367,1
13368,13375,4
13376,13383,1
13384,13391,2
13400,13407,3
13408,13415,2
13416,13423,1
13424,13431,4
13432,13439,3
13440,13447,2
13448,13455,3
13456,13463,3
13464,13471,3
13472,13479,3
13480,13487,2
13488,13495,6
13496,13503,4
13504,13511,9
13512,13519,1
13520,13527,4
13528,13535,3
13536,13543,3
13544,13551,7
13552,13559,5
13560,13567,6
13568,13575,12
13576,13583,8
13584,13591,2
13592,13599,7
13600,13607,7
13608,13615,3
13616,13623,5
13624,13631,8
13632,13639,13
13640,13647,4
13648,13655,10
13656,13663,9
13664,13671,3
13672,13679,10
13680,13687,5
13688,13695,14
13696,13703,9
13704,13711,8
13712,13719,11
13720,13727,9
13728,13735,10
13736,13743,8
13744,13751,7
13752,13759,11
13760,13767,7
13768,13775,17
13776,13783,17
13784,13791,18
13792,13799,12
13800,13807,14
13808,13815,18
13816,13823,20
13824,13831,33
13832,13839,15
13840,13847,16
13848,13855,17
13856,13863,25
13864,13871,39
13872,13879,22
13880,13887,23
13888,13895,29
13896,13903,25
13904,13911,24
13912,13919,33
13920,13927,43
13928,13935,28
13936,13943,29
13944,13951,30
13952,13959,26
13960,13967,38
13968,13975,32
13976,13983,27
13984,13991,32
13992,13999,42
14000,14007,30
14008,14015,47
14016,14023,37
14024,14031,33
14032,14039,32
14040,14047,39
14048,14055,27
14056,14063,42
14064,14071,33
14072,14079,42
14080,14087,42
14088,14095,32
14096,14103,43
14104,14111,22
14112,14119,39
14120,14127,44
14128,14135,46
14136,14143,42
14144,14151,43
14152,14159,41
14160,14167,32
14168,14175,39
14176,14183,44
14184,14191,44
14192,14199,41
14200,14207,40
14208,14215,47
14216,14223,35
14224,14231,39
14232,14239,55
14240,14247,50
14248,14255,31
14256,14263,54
14264,14271,46
14272,14279,46
14280,14287,44
14288,14295,36
14296,14303,37
14304,14311,41
14312,14319,49
14320,14327,40
14328,14335,34
14336,14343,52
14344,14351,39
14352,14359,42
14360,14367,50
14368,14375,46
14376,14383,47
14384,14391,41
14392,14399,37
14400,14407,43
14408,14415,59
14416,14423,54
14424,14431,44
14432,14439,36
14440,14447,34
14448,14455,33
14456,14463,43
14464,14471,40
14472,14479,31
14480,14487,33
14488,14495,30
14496,14503,41
14504,14511,42
14512,14519,28
14520,14527,27
14528,14535,25
14536,14543,31
14544,14551,34
14552,14559,55
14560,14567,35
14568,14575,26
14576,14583,27
14584,14591,26
14592,14599,33
14600,14607,30
14608,14615,26
14616,14623,27
14624,14631,18
14632,14639,26
14640,14647,17
14648,14655,15
14656,14663,25
14664,14671,21
14672,14679,23
14680,14687,21
14688,14695,23
14696,14703,15
14704,14711,20
14712,14719,20
14720,14727,20
14728,14735,24
14736,14743,14
14744,14751,10
14752,14759,13
14760,14767,11
14768,14775,13
14776,14783,15
14784,14791,10
14792,14799,14
14800,14807,16
14808,14815,12
14816,14823,14
14824,14831,10
14832,14839,16
14840,14847,14
14848,14855,10
14856,14863,11
14864,14871,9
14872,14879,7
14880,14887,9
14888,14895,11
14896,14903,7
14904,14911,16
14912,14919,11
14920,14927,14
14928,14935,11
14936,14943,12
14944,14951,5
14952,14959,9
14960,14967,6
14968,14975,15
14976,14983,6
14984,14991,5
14992,14999,6
15000,15007,6
15008,15015,8
15016,15023,11
15024,15031,9
15032,15039,9
15040,15047,13
15048,15055,12
15056,15063,9
15064,15071,13
15072,15079,9
15080,15087,14
15088,15095,14
15096,15103,14
15104,15111,18
15112,15119,16
15120,15127,7
15128,15135,25
15136,15143,19
15144,15151,21
15152,15159,23
15160,15167,28
15168,15175,19
15176,15183,28
15184,15191,23
15192,15199,43
15200,15207,30
15208,15215,40
15216,15223,32
15224,15231,36
15232,15239,40
15240,15247,40
15248,15255,38
15256,15263,39
15264,15271,47
15272,15279,37
15280,15287,42
15288,15295,54
15296,15303,34
15304,15311,52
15312,15319,44
15320,15327,56
15328,15335,53
15336,15343,45
15344,15351,38
15352,15359,45
15360,15367,43
15368,15375,48
15376,15383,57
15384,15391,48
15392,15399,50
15400,15407,46
15408,15415,48
15416,15423,49
15424,15431,45
15432,15439,42
15440,15447,47
15448,15455,50
15456,15463,54
15464,15471,49
15472,15479,40
15480,15487,38
15488,15495,46
15496,15503,44
15504,15511,50
15512,15519,36
15520,15527,28
15528,15535,36
15536,15543,30
15544,15551,43
15552,15559,37
15560,15567,33
15568,15575,33
15576,15583,43
15584,15591,30
15592,15599,25
15600,15607,23
15608,15615,35
15616,15623,21
15624,15631,33
15632,15639,30
15640,15647,24
15648,15655,28
15656,15663,19
15664,15671,25
15672,15679,23
15680,15687,24
15688,15695,17
15696,15703,15
15704,15711,12
15712,15719,23
15720,15727,20
15728,15735,18
15736,15743,13
15744,15751,19
15752,15759,18
15760,15767,9
15768,15775,9
15776,15783,7
15784,15791,11
15792,15799,14
15800,15807,9
15808,15815,13
15816,15823,14
15824,15831,8
15832,15839,11
15840,15847,12
15848,15855,10
15856,15863,12
15864,15871,9
15872,15879,6
15880,15887,11
15888,15895,6
15896,15903,7
15904,15911,8
15912,15919,8
15920,15927,2
15928,15935,4
15936,15943,5
15944,15951,6
15952,15959,6
15960,15967,9
15968,15975,6
15976,15983,9
15984,15991,10
15992,15999,6
16000,16007,5
16008,16015,8
16016,16023,4
16024,16031,6
16032,16039,8
16040,16047,5
16048,16055,8
16056,16063,4
16064,16071,5
16072,16079,1
16080,16087,3
16088,16095,2
16096,16103,3
16104,16111,1
16112,16119,2
16120,16127,5
16128,16135,4
16136,16143,3
16144,16151,5
16152,16159,2
16160,16167,1
16168,16175,2
16176,16183,3
16184,16191,3
16192,16199,4
16200,16207,2
16208,16215,1
16216,16223,4
16224,16231,3
16232,16239,2
16240,16247,3
16248,16255,1
16256,16263,1
16264,16271,1
16272,16279,2
16280,16287,1
16288,16295,1
16296,16303,1
16304,16311,1
16312,16319,1
16320,16327,4
16328,16335,4
16344,16351,2
16352,16359,1
16360,16367,1
16376,16383,1
16400,16415,2
16432,16447,4
16464,16479,2
16480,16495,3
16496,16511,1
16512,16527,1
16528,16543,4
16544,16559,3
16560,16575,4
16576,16591,3
16592,16607,2
16608,16623,3
16624,16639,2
16656,16671,4
16672,16687,1
16688,16703,1
16704,16719,1
16720,16735,1
16736,16751,1
16768,16783,2
16784,16799,1
16800,16815,3
16816,16831,3
16832,16847,3
16848,16863,2
16864,16879,4
16880,16895,3
16896,16911,1
16912,16927,1
16928,16943,2
16944,16959,1
16960,16975,3
16976,16991,2
16992,17007,2
17008,17023,3
17040,17055,2
17072,17087,3
17104,17119,3
17120,17135,1
17136,17151,3
17168,17183,1
17184,17199,2
17200,17215,3
17216,17231,4
17232,17247,1
17248,17263,2
17264,17279,1
17280,17295,2
17296,17311,2
17312,17327,3
17328,17343,2
17344,17359,2
17360,17375,2
17376,17391,3
17392,17407,1
17424,17439,3
17440,17455,3
17472,17487,1
17488,17503,2
17520,17535,1
17568,17583,1
17584,17599,1
17600,17615,1
17616,17631,1
17664,17679,1
17680,17695,2
17728,17743,2
17744,17759,1
17760,17775,1
17776,17791,1
17792,17807,1
17808,17823,1
17824,17839,3
17840,17855,1
17856,17871,2
17904,17919,2
17920,17935,1
17936,17951,2
17952,17967,1
17984,17999,1
18016,18031,1
18032,18047,3
18048,18063,2
18064,18079,1
18128,18143,1
18144,18159,2
18224,18239,2
18240,18255,1
18256,18271,2
18272,18287,1
18304,18319,2
18320,18335,1
18336,18351,2
18352,18367,1
18368,18383,1
18400,18415,1
18448,18463,1
18464,18479,2
18480,18495,1
18496,18511,2
18528,18543,2
18544,18559,3
18592,18607,1
18608,18623,3
18624,18639,1
18656,18671,1
18672,18687,1
18688,18703,3
18704,18719,1
18720,18735,3
18736,18751,1
18752,18767,1
18768,18783,1
18832,18847,1
18848,18863,1
18976,18991,1
18992,19007,1
19008,19023,1
19040,19055,1
19120,19135,2
19136,19151,1
19152,19167,2
19168,19183,2
19184,19199,1
19232,19247,1
19248,19263,1
19296,19311,1
19312,19327,2
19328,19343,1
19344,19359,2
19360,19375,1
19440,19455,1
19488,19503,2
19520,19535,1
19568,19583,1
19584,19599,1
19616,19631,1
19632,19647,1
19648,19663,1
19664,19679,1
19712,19727,2
19776,19791,2
19824,19839,1
19856,19871,1
19872,19887,1
19904,19919,1
19936,19951,2
19952,19967,2
19984,19999,2
20000,20015,1
20032,20047,1
20048,20063,1
20080,20095,1
20128,20143,1
20144,20159,1
20224,20239,2
20240,20255,1
20256,20271,1
20320,20335,1
20384,20399,1
20432,20447,1
20464,20479,2
20480,20495,1
20512,20527,1
20544,20559,1
20592,20607,4
20672,20687,1
20784,20799,1
20816,20831,1
20880,20895,2
20992,21007,1
21008,21023,1
21072,21087,1
21088,21103,1
21168,21183,2
21248,21263,2
21280,21295,1
21296,21311,4
21344,21359,1
21360,21375,1
21440,21455,1
21520,21535,1
21712,21727,1
21776,21791,1
21792,21807,1
21840,21855,1
21904,21919,2
22048,22063,1
22112,22127,1
22144,22159,1
22352,22367,1
22416,22431,1
22528,22543,1
22560,22575,1
22576,22591,1
22736,22751,1
22768,22783,1
22784,22799,1
22832,22847,1
22912,22927,1
23072,23087,1
23104,23119,1
23120,23135,3
23344,23359,1
23616,23631,2
23632,23647,1
23664,23679,1
23808,23823,1
23968,23983,1
24064,24079,1
24112,24127,1
24336,24351,1
24448,24463,1
24480,24495,1
24656,24671,1
24832,24847,1
24864,24879,2
25120,25135,1
25168,25183,2
25280,25295,1
25376,25391,2
25424,25439,1
25472,25487,1
25520,25535,1
25536,25551,1
25568,25583,3
25616,25631,1
25744,25759,1
25792,25807,1
25808,25823,1
25856,25871,1
25952,25967,2
26128,26143,1
26304,26319,1
26416,26431,1
26560,26575,1
26576,26591,2
26624,26639,1
26640,26655,2
26656,26671,1
26704,26719,2
26768,26783,1
26912,26927,1
26976,26991,1
26992,27007,1
27024,27039,1
27072,27087,1
27136,27151,1
27184,27199,1
27248,27263,1
27360,27375,1
27376,27391,1
27392,27407,1
27408,27423,1
27440,27455,1
27504,27519,1
27568,27583,1
27584,27599,1
27696,27711,1
27808,27823,2
27824,27839,1
27840,27855,1
27872,27887,1
27888,27903,1
27904,27919,1
27984,27999,2
28048,28063,1
28176,28191,2
28208,28223,2
28224,28239,1
28400,28415,1
28416,28431,1
28432,28447,1
28464,28479,3
28544,28559,4
28560,28575,1
28608,28623,1
28624,28639,1
28640,28655,1
28656,28671,1
28704,28719,1
28720,28735,1
28768,28783,3
28800,28815,1
28816,28831,1
28832,28847,2
28880,28895,1
28928,28943,2
29008,29023,2
29024,29039,2
29120,29135,1
29168,29183,2
29184,29199,1
29200,29215,1
29392,29407,1
29408,29423,1
29472,29487,1
29488,29503,1
29504,29519,1
29520,29535,1
29664,29679,1
29744,29759,2
29776,29791,1
29824,29839,1
29840,29855,1
29872,29887,1
29888,29903,2
29904,29919,1
29936,29951,1
30016,30031,1
30048,30063,1
30096,30111,1
30144,30159,1
30208,30223,1
30224,30239,1
30320,30335,1
30352,30367,1
30368,30383,1
30384,30399,1
30416,30431,1
30464,30479,1
30496,30511,1
30528,30543,2
30608,30623,2
30656,30671,1
30720,30735,1
30752,30767,1
30784,30799,2
30832,30847,1
30848,30863,1
30960,30975,1
30992,31007,1
31008,31023,1
31056,31071,1
31152,31167,2
31248,31263,1
31264,31279,1
31328,31343,1
31344,31359,1
31504,31519,1
31552,31567,1
31616,31631,1
31936,31951,1
32064,32079,1
32096,32111,1
32128,32143,1
32208,32223,1
32240,32255,1
32272,32287,1
32352,32367,1
32736,32751,1
32752,32767,1
32960,32991,1
32992,33023,1
33056,33087,1
33088,33119,1
33184,33215,2
33216,33247,2
33248,33279,2
33312,33343,2
33408,33439,2
33472,33503,1
33504,33535,1
33568,33599,1
33696,33727,1
33728,33759,1
33888,33919,1
33952,33983,2
33984,34015,2
34144,34175,1
34240,34271,1
34368,34399,1
34432,34463,1
34560,34591,1
34592,34623,1
34784,34815,2
35200,35231,1
35264,35295,1
35584,35615,1
35712,35743,1
35840,35871,1
35904,35935,1
36032,36063,1
36160,36191,1
36352,36383,1
36416,36447,1
36480,36511,1
36576,36607,1
36832,36863,3
37184,37215,1
37216,37247,1
37248,37279,1
37664,37695,1
37760,37791,1
38144,38175,1
38912,38943,1
38944,38975,2
39072,39103,1
39328,39359,2
39392,39423,1
39456,39487,1
39584,39615,1
39712,39743,1
39776,39807,1
39840,39871,1
40064,40095,1
40160,40191,1
40192,40223,1
40288,40319,1
40576,40607,1
40608,40639,1
40736,40767,1
41120,41151,2
41152,41183,1
41184,41215,1
41216,41247,1
41344,41375,1
41472,41503,1
42080,42111,1
42144,42175,1
42240,42271,1
42336,42367,1
42368,42399,1
42400,42431,1
42816,42847,1
43168,43199,1
43264,43295,1
43360,43391,1
43616,43647,1
43648,43679,1
43744,43775,1
44096,44127,1
44160,44191,1
44480,44511,1
44832,44863,2
44992,45023,1
45344,45375,1
45440,45471,1
45696,45727,1
46400,46431,1
46848,46879,1
47008,47039,1
47072,47103,1
47232,47263,1
47264,47295,1
47456,47487,1
47520,47551,1
48768,48799,1
50464,50495,1
50496,50527,1
51104,51135,1
51360,51391,1
52320,52351,1
52576,52607,1
54016,54047,1
54336,54367,1
56864,56895,1
58400,58431,1
58944,58975,1
59232,59263,1
59360,59391,1
59648,59679,1
60800,60831,1
63840,63871,1
69056,69119,1
70784,70847,1
72768,72831,1
73088,73151,1
78016,78079,1
80064,80127,1
82752,82815,1
87488,87551,1
92992,93055,1
111872,111935,1
161664,161791,1
189440,189567,1
471552,471807,1
512000,512255,1
762368,762879,1
